2009-01-03 00:00:00,0.0
2009-01-06 00:00:00,0.0
2009-01-09 00:00:00,0.0
2009-01-12 00:00:00,18541.666666666664
2009-01-15 00:00:00,1533.816425120773
2009-01-18 00:00:00,0.0
2009-01-21 00:00:00,1130.0
2009-01-24 00:00:00,1243.75
2009-01-27 00:00:00,447.82608695652175
2009-01-30 00:00:00,1008.3333333333334
2009-02-02 00:00:00,0.0
2009-02-05 00:00:00,0.0
2009-02-08 00:00:00,670.0
2009-02-11 00:00:00,1871.2147183179063
2009-02-14 00:00:00,0.0
2009-02-17 00:00:00,393.3333333333333
2009-02-20 00:00:00,800.0
2009-02-23 00:00:00,0.0
2009-02-26 00:00:00,0.0
2009-03-01 00:00:00,1514.2857142857142
2009-03-04 00:00:00,0.0
2009-03-07 00:00:00,0.0
2009-03-10 00:00:00,0.0
2009-03-13 00:00:00,760.0
2009-03-16 00:00:00,270.83333333333337
2009-03-19 00:00:00,871.4285714285713
2009-03-22 00:00:00,863.6363636363636
2009-03-25 00:00:00,0.0
2009-03-28 00:00:00,595.0
2009-03-31 00:00:00,353.125
2009-04-03 00:00:00,0.0
2009-04-06 00:00:00,676.4705882352941
2009-04-09 00:00:00,0.0
2009-04-12 00:00:00,0.0
2009-04-15 00:00:00,0.0
2009-04-18 00:00:00,5303.425491218918
2009-04-21 00:00:00,175.71378367490377
2009-04-24 00:00:00,0.0
2009-04-27 00:00:00,0.0
2009-04-30 00:00:00,660.0
2009-05-03 00:00:00,816.034359341446
2009-05-06 00:00:00,1370.0
2009-05-09 00:00:00,0.0
2009-05-12 00:00:00,0.0
2009-05-15 00:00:00,14300.0
2009-05-18 00:00:00,0.0
2009-05-21 00:00:00,0.0
2009-05-24 00:00:00,0.0
2009-05-27 00:00:00,0.0
2009-05-30 00:00:00,0.0
2009-06-02 00:00:00,0.0
2009-06-05 00:00:00,0.0
2009-06-08 00:00:00,0.0
2009-06-11 00:00:00,0.0
2009-06-14 00:00:00,0.0
2009-06-17 00:00:00,0.0
2009-06-20 00:00:00,0.0
2009-06-23 00:00:00,0.0
2009-06-26 00:00:00,445.0
2009-06-29 00:00:00,0.0
2009-07-02 00:00:00,0.0
2009-07-05 00:00:00,0.0
2009-07-08 00:00:00,0.0
2009-07-11 00:00:00,0.0
2009-07-14 00:00:00,0.0
2009-07-17 00:00:00,0.0
2009-07-20 00:00:00,0.0
2009-07-23 00:00:00,0.0
2009-07-26 00:00:00,0.0
2009-07-29 00:00:00,0.0
2009-08-01 00:00:00,0.0
2009-08-04 00:00:00,0.0
2009-08-07 00:00:00,0.0
2009-08-10 00:00:00,0.0
2009-08-13 00:00:00,0.0
2009-08-16 00:00:00,0.0
2009-08-19 00:00:00,0.0
2009-08-22 00:00:00,0.0
2009-08-25 00:00:00,0.0
2009-08-28 00:00:00,0.0
2009-08-31 00:00:00,1566.6666666666665
2009-09-03 00:00:00,428.57142857142856
2009-09-06 00:00:00,0.0
2009-09-09 00:00:00,0.0
2009-09-12 00:00:00,0.0
2009-09-15 00:00:00,0.0
2009-09-18 00:00:00,0.0
2009-09-21 00:00:00,0.0
2009-09-24 00:00:00,0.0
2009-09-27 00:00:00,556.25
2009-09-30 00:00:00,0.0
2009-10-03 00:00:00,0.0
2009-10-06 00:00:00,1025.0
2009-10-09 00:00:00,0.0
2009-10-12 00:00:00,61.386138613861384
2009-10-15 00:00:00,0.0
2009-10-18 00:00:00,914.2857142857142
2009-10-21 00:00:00,83.0
2009-10-24 00:00:00,0.0
2009-10-27 00:00:00,25.384615384615383
2009-10-30 00:00:00,196.7741935483871
2009-11-02 00:00:00,0.0
2009-11-05 00:00:00,20.64516129032258
2009-11-08 00:00:00,0.0
2009-11-11 00:00:00,19.166666666666668
2009-11-14 00:00:00,0.0
2009-11-17 00:00:00,0.0
2009-11-20 00:00:00,9.244644870349493
2009-11-23 00:00:00,0.0
2009-11-26 00:00:00,0.0
2009-11-29 00:00:00,0.0
2009-12-02 00:00:00,48.999020019599605
2009-12-05 00:00:00,0.0
2009-12-08 00:00:00,396.6666666666667
2009-12-11 00:00:00,0.0
2009-12-14 00:00:00,16.617071887299325
2009-12-17 00:00:00,4014.9625935162094
2009-12-20 00:00:00,0.0
2009-12-23 00:00:00,0.0
2009-12-26 00:00:00,0.0
2009-12-29 00:00:00,0.0
2010-01-01 00:00:00,0.0
2010-01-04 00:00:00,45.72141412964957
2010-01-07 00:00:00,0.0
2010-01-10 00:00:00,0.0
2010-01-13 00:00:00,131666.6666666667
2010-01-16 00:00:00,3337.6506924379796
2010-01-19 00:00:00,25869.565217391308
2010-01-22 00:00:00,3750.0
2010-01-25 00:00:00,309.92366412213744
2010-01-28 00:00:00,467.56756756756755
2010-01-31 00:00:00,624.2424242424242
2010-02-03 00:00:00,900.0
2010-02-06 00:00:00,734.6153846153845
2010-02-09 00:00:00,5225.0
2010-02-12 00:00:00,105.94900849858358
2010-02-15 00:00:00,301.758025947928
2010-02-18 00:00:00,154.46380150929346
2010-02-21 00:00:00,689.1798759476223
2010-02-24 00:00:00,179.24528301886792
2010-02-27 00:00:00,1922.2222222222222
2010-03-02 00:00:00,376.9230769230769
2010-03-05 00:00:00,45.69190600522193
2010-03-08 00:00:00,75.46684009242468
2010-03-11 00:00:00,167.7775224086417
2010-03-14 00:00:00,403.2258064516129
2010-03-17 00:00:00,285.9135285913529
2010-03-20 00:00:00,249.6120020693223
2010-03-23 00:00:00,276.77120067397163
2010-03-26 00:00:00,389.68201947211077
2010-03-29 00:00:00,263.01369863013696
2010-04-01 00:00:00,641.3388712435866
2010-04-04 00:00:00,394.0054211348305
2010-04-07 00:00:00,175.48358001051082
2010-04-10 00:00:00,52.54333840230595
2010-04-13 00:00:00,251.75388540163132
2010-04-16 00:00:00,131.31737328848607
2010-04-19 00:00:00,119.34303036702656
2010-04-22 00:00:00,40.00500853666199
2010-04-25 00:00:00,110.44596643488262
2010-04-28 00:00:00,129.2571774664116
2010-05-01 00:00:00,106.13361114728481
2010-05-04 00:00:00,109.06003671128619
2010-05-07 00:00:00,17.295090148346986
2010-05-10 00:00:00,115.10593106415013
2010-05-13 00:00:00,32.2933227344992
2010-05-16 00:00:00,178.52892168531304
2010-05-19 00:00:00,58.84528122595789
2010-05-22 00:00:00,20.76609588744776
2010-05-25 00:00:00,131.09756097560975
2010-05-28 00:00:00,83.6297926744884
2010-05-31 00:00:00,225.07514844594496
2010-06-03 00:00:00,95.14090549902315
2010-06-06 00:00:00,132.45614035087718
2010-06-09 00:00:00,46.93823623492761
2010-06-12 00:00:00,87.84281138032475
2010-06-15 00:00:00,52.426069879671466
2010-06-18 00:00:00,281.724458251481
2010-06-21 00:00:00,134.2615614122327
2010-06-24 00:00:00,37.18023466039533
2010-06-27 00:00:00,67.9444206092948
2010-06-30 00:00:00,32.950062032073305
2010-07-03 00:00:00,10.146408617791282
2010-07-06 00:00:00,29.35055605327265
2010-07-09 00:00:00,153.3841908781042
2010-07-12 00:00:00,34.65581171882558
2010-07-15 00:00:00,56.359195942137895
2010-07-18 00:00:00,36.22876013039115
2010-07-21 00:00:00,53.713518682199975
2010-07-24 00:00:00,32.34413883992588
2010-07-27 00:00:00,13.781853310432348
2010-07-30 00:00:00,38.218106505098824
2010-08-02 00:00:00,90.58597714808239
2010-08-05 00:00:00,66.29829450354534
2010-08-08 00:00:00,85.12668357968346
2010-08-11 00:00:00,25.012194885801463
2010-08-14 00:00:00,112.63049602297835
2010-08-17 00:00:00,13.567888639741485
2010-08-20 00:00:00,39.49336866137345
2010-08-23 00:00:00,95.80210199524433
2010-08-26 00:00:00,56.50230111054185
2010-08-29 00:00:00,77.58325224700984
2010-09-01 00:00:00,82.9590747792821
2010-09-04 00:00:00,28.789437911154188
2010-09-07 00:00:00,34.67630928328432
2010-09-10 00:00:00,81.65658772800185
2010-09-13 00:00:00,36.02014316689098
2010-09-16 00:00:00,46.246128712225435
2010-09-19 00:00:00,22.183057974682583
2010-09-22 00:00:00,29.602464567732152
2010-09-25 00:00:00,59.13168919915787
2010-09-28 00:00:00,29.67579425999795
2010-10-01 00:00:00,20.580280932867534
2010-10-04 00:00:00,14.595606911872864
2010-10-07 00:00:00,7.630478087825127
2010-10-10 00:00:00,8.532057519560238
2010-10-13 00:00:00,41.09004847653175
2010-10-16 00:00:00,13.47329778412169
2010-10-19 00:00:00,45.7397644571537
2010-10-22 00:00:00,35.50650140285491
2010-10-25 00:00:00,36.632733126352576
2010-10-28 00:00:00,31.01541884664188
2010-10-31 00:00:00,24.03345245298357
2010-11-03 00:00:00,40.37039536475556
2010-11-06 00:00:00,10.318132544687476
2010-11-09 00:00:00,15.629255308964982
2010-11-12 00:00:00,70.26407788053956
2010-11-15 00:00:00,31.83305077299578
2010-11-18 00:00:00,68.0923777961889
2010-11-21 00:00:00,16.589612165289648
2010-11-24 00:00:00,32.53627090719213
2010-11-27 00:00:00,65.25055142064356
2010-11-30 00:00:00,27.997864696185836
2010-12-03 00:00:00,41.84231722752806
2010-12-06 00:00:00,17.529078847640807
2010-12-09 00:00:00,58.39421514204043
2010-12-12 00:00:00,75.17549589904708
2010-12-15 00:00:00,31.367056949958506
2010-12-18 00:00:00,28.395203726600915
2010-12-21 00:00:00,38.67132397657421
2010-12-24 00:00:00,90.2938885484475
2010-12-27 00:00:00,21.976138009054715
2010-12-30 00:00:00,33.19409792341873
2011-01-02 00:00:00,54.38289911609662
2011-01-05 00:00:00,47.25287784053113
2011-01-08 00:00:00,33.636941771300336
2011-01-11 00:00:00,24.393741727881824
2011-01-14 00:00:00,18.692767524231872
2011-01-17 00:00:00,16.284036307820735
2011-01-20 00:00:00,21.474566637912716
2011-01-23 00:00:00,20.577152824093183
2011-01-26 00:00:00,49.60265178282143
2011-01-29 00:00:00,37.050484990848524
2011-02-01 00:00:00,13.570483727852817
2011-02-04 00:00:00,35.42358591841612
2011-02-07 00:00:00,8.791857535626134
2011-02-10 00:00:00,14.323731994857022
2011-02-13 00:00:00,50.43934149956162
2011-02-16 00:00:00,39.76996090492328
2011-02-19 00:00:00,22.32072838757183
2011-02-22 00:00:00,33.676794274182484
2011-02-25 00:00:00,34.808033694176615
2011-02-28 00:00:00,32.77464217575577
2011-03-03 00:00:00,9.560895022115098
2011-03-06 00:00:00,30.52509958917589
2011-03-09 00:00:00,7.75292507866418
2011-03-12 00:00:00,10.42768105604545
2011-03-15 00:00:00,5.961541099705542
2011-03-18 00:00:00,10.147678767668948
2011-03-21 00:00:00,13.613397549192733
2011-03-24 00:00:00,6.974669151099482
2011-03-27 00:00:00,11.899804962202142
2011-03-30 00:00:00,14.301389555599823
2011-04-02 00:00:00,28.536372286091076
2011-04-05 00:00:00,15.61214711255927
2011-04-08 00:00:00,15.63420050629987
2011-04-11 00:00:00,16.575859798687183
2011-04-14 00:00:00,16.763551542659926
2011-04-17 00:00:00,1.2369289205125007
2011-04-20 00:00:00,1.067965699466908
2011-04-23 00:00:00,10.265648550906272
2011-04-26 00:00:00,15.103094379758165
2011-04-29 00:00:00,4.9612118040803646
2011-05-02 00:00:00,14.429081353319836
2011-05-05 00:00:00,14.933112318945547
2011-05-08 00:00:00,12.970680345976241
2011-05-11 00:00:00,8.192167762943866
2011-05-14 00:00:00,1.8917582536700734
2011-05-17 00:00:00,9.415695969784272
2011-05-20 00:00:00,18.23991890229955
2011-05-23 00:00:00,15.73519323844334
2011-05-26 00:00:00,17.923228342937474
2011-05-29 00:00:00,13.985051557662429
2011-06-01 00:00:00,14.174775559853478
2011-06-04 00:00:00,12.390416813447736
2011-06-07 00:00:00,11.849221294609892
2011-06-10 00:00:00,10.322666376589645
2011-06-13 00:00:00,7.971729221104792
2011-06-16 00:00:00,7.622641943826286
2011-06-19 00:00:00,9.747842548321572
2011-06-22 00:00:00,11.033648674512733
2011-06-25 00:00:00,6.853906108323661
2011-06-28 00:00:00,5.111886190115662
2011-07-01 00:00:00,8.852929543946393
2011-07-04 00:00:00,13.525298557943326
2011-07-07 00:00:00,10.634303223454866
2011-07-10 00:00:00,13.88061208076961
2011-07-13 00:00:00,16.550561810354726
2011-07-16 00:00:00,18.369393239779725
2011-07-19 00:00:00,10.416527362027015
2011-07-22 00:00:00,12.482637704653659
2011-07-25 00:00:00,11.39155528523665
2011-07-28 00:00:00,9.012894989073123
2011-07-31 00:00:00,15.707958646648045
2011-08-03 00:00:00,8.395502251207734
2011-08-06 00:00:00,9.09796923674548
2011-08-09 00:00:00,9.611586543196381
2011-08-12 00:00:00,12.262757999613005
2011-08-15 00:00:00,10.715835539492488
2011-08-18 00:00:00,9.076852467078963
2011-08-21 00:00:00,17.735354674967812
2011-08-24 00:00:00,10.03960837646384
2011-08-27 00:00:00,0.5799217694717461
2011-08-30 00:00:00,15.800091669036023
2011-09-02 00:00:00,14.443424976320152
2011-09-05 00:00:00,9.56300234324736
2011-09-08 00:00:00,10.07997865980291
2011-09-11 00:00:00,0.9041345785609081
2011-09-14 00:00:00,9.720915466866298
2011-09-17 00:00:00,9.002038198249227
2011-09-20 00:00:00,8.492419708223743
2011-09-23 00:00:00,11.91333824799626
2011-09-26 00:00:00,10.455037738534715
2011-09-29 00:00:00,13.324626528392338
2011-10-02 00:00:00,12.114100138892328
2011-10-05 00:00:00,8.620130271853782
2011-10-08 00:00:00,6.198840533359993
2011-10-11 00:00:00,6.73752917951448
2011-10-14 00:00:00,8.65051943171357
2011-10-17 00:00:00,4.806862078925104
2011-10-20 00:00:00,4.1288335006322665
2011-10-23 00:00:00,4.974501354027592
2011-10-26 00:00:00,4.486314262476954
2011-10-29 00:00:00,3.154971907233084
2011-11-01 00:00:00,5.776616162205079
2011-11-04 00:00:00,6.919932383421141
2011-11-07 00:00:00,10.048517393403861
2011-11-10 00:00:00,5.803498650239746
2011-11-13 00:00:00,9.359646714176325
2011-11-16 00:00:00,0.47352421856918375
2011-11-19 00:00:00,0.2691849517841212
2011-11-22 00:00:00,0.40506033342724973
2011-11-25 00:00:00,3.662688655562163
2011-11-28 00:00:00,0.2340084539452285
2011-12-01 00:00:00,0.37620640367070657
2011-12-04 00:00:00,0.21385211512823507
2011-12-07 00:00:00,0.13839219676987327
2011-12-10 00:00:00,2.4174122759056154
2011-12-13 00:00:00,3.9730104821912917
2011-12-16 00:00:00,3.842189831491935
2011-12-19 00:00:00,5.692571928157315
2011-12-22 00:00:00,6.569632033784457
2011-12-25 00:00:00,13.172306981929172
2011-12-28 00:00:00,8.041785043366716
2011-12-31 00:00:00,9.681359832044295
2012-01-03 00:00:00,9.5932047342486
2012-01-06 00:00:00,4.898525394913386
2012-01-09 00:00:00,5.367299524669421
2012-01-12 00:00:00,10.542273234778502
2012-01-15 00:00:00,9.330730611656744
2012-01-18 00:00:00,4.635021696356662
2012-01-21 00:00:00,9.655143799276168
2012-01-24 00:00:00,6.977976376719405
2012-01-27 00:00:00,4.918912987734431
2012-01-30 00:00:00,10.035274877267888
2012-02-02 00:00:00,5.856481429073089
2012-02-05 00:00:00,6.138344870854924
2012-02-08 00:00:00,6.457300194885236
2012-02-11 00:00:00,6.692616311300961
2012-02-14 00:00:00,1.7830517870970084
2012-02-17 00:00:00,3.7636744294186264
2012-02-20 00:00:00,6.933852622137618
2012-02-23 00:00:00,6.705324575473851
2012-02-26 00:00:00,8.50875386029077
2012-02-29 00:00:00,8.875635915943612
2012-03-03 00:00:00,3.754135128108139
2012-03-06 00:00:00,6.365731793001276
2012-03-09 00:00:00,7.7550519215603515
2012-03-12 00:00:00,7.762816304957165
2012-03-15 00:00:00,4.111993697796777
2012-03-18 00:00:00,8.663535313823855
2012-03-21 00:00:00,5.5405945740114735
2012-03-24 00:00:00,8.289230054550517
2012-03-27 00:00:00,5.425492927658701
2012-03-30 00:00:00,5.410276824720509
2012-04-02 00:00:00,5.697880035711917
2012-04-05 00:00:00,3.550518724351141
2012-04-08 00:00:00,8.503677102906044
2012-04-11 00:00:00,5.135156525111706
2012-04-14 00:00:00,3.5461366160477152
2012-04-17 00:00:00,3.2465256276037318
2012-04-20 00:00:00,3.481319016119783
2012-04-23 00:00:00,6.3118269107977385
2012-04-26 00:00:00,3.7652007263839598
2012-04-29 00:00:00,5.205191525773246
2012-05-02 00:00:00,4.98802677153025
2012-05-05 00:00:00,5.3495708997128695
2012-05-08 00:00:00,5.416776233809171
2012-05-11 00:00:00,2.7216960259847816
2012-05-14 00:00:00,5.115536863079238
2012-05-17 00:00:00,3.6781731299241476
2012-05-20 00:00:00,4.808925952917918
2012-05-23 00:00:00,2.881948006070635
2012-05-26 00:00:00,4.7160573376047825
2012-05-29 00:00:00,3.4015941646847576
2012-06-01 00:00:00,1.2198140094345395
2012-06-04 00:00:00,3.6016871533494745
2012-06-07 00:00:00,2.84468238529128
2012-06-10 00:00:00,5.6330367768149605
2012-06-13 00:00:00,3.0752999999657233
2012-06-16 00:00:00,2.983137789343121
2012-06-19 00:00:00,4.213160438130726
2012-06-22 00:00:00,2.871333154466812
2012-06-25 00:00:00,4.129631172451965
2012-06-28 00:00:00,2.916587596193437
2012-07-01 00:00:00,6.909322836101575
2012-07-04 00:00:00,3.4626413309833044
2012-07-07 00:00:00,5.30086802066321
2012-07-10 00:00:00,3.1254605156015947
2012-07-13 00:00:00,2.540497626783171
2012-07-16 00:00:00,3.7026333389065442
2012-07-19 00:00:00,3.88669446852175
2012-07-22 00:00:00,5.022185645967515
2012-07-25 00:00:00,3.9654566218908394
2012-07-28 00:00:00,6.189265171766172
2012-07-31 00:00:00,2.195071109005823
2012-08-03 00:00:00,3.254394722955241
2012-08-06 00:00:00,3.9545628335852845
2012-08-09 00:00:00,3.3176161966560613
2012-08-12 00:00:00,8.750124700974094
2012-08-15 00:00:00,4.849196530686232
2012-08-18 00:00:00,2.7469589567549164
2012-08-21 00:00:00,2.969748162533027
2012-08-24 00:00:00,3.607464748846808
2012-08-27 00:00:00,2.7039558886824104
2012-08-30 00:00:00,3.469272957775786
2012-09-02 00:00:00,5.811030861973549
2012-09-05 00:00:00,4.234442371014194
2012-09-08 00:00:00,3.9566875844157363
2012-09-11 00:00:00,2.6304299661593844
2012-09-14 00:00:00,3.8530881446045266
2012-09-17 00:00:00,3.902938220457973
2012-09-20 00:00:00,2.9001233042518613
2012-09-23 00:00:00,5.916169788823123
2012-09-26 00:00:00,3.1580094997736743
2012-09-29 00:00:00,3.780324414313195
2012-10-02 00:00:00,2.5090445080332575
2012-10-05 00:00:00,2.767326235630389
2012-10-08 00:00:00,3.7765210220127687
2012-10-11 00:00:00,3.268654850607273
2012-10-14 00:00:00,5.097437425900356
2012-10-17 00:00:00,3.2056705661741054
2012-10-20 00:00:00,2.4879350812174477
2012-10-23 00:00:00,2.5146932364780237
2012-10-26 00:00:00,3.395131032165773
2012-10-29 00:00:00,5.0961872551428335
2012-11-01 00:00:00,2.468780719520526
2012-11-04 00:00:00,7.78559267359831
2012-11-07 00:00:00,3.768477554706637
2012-11-10 00:00:00,6.891780501823057
2012-11-13 00:00:00,5.272020175626264
2012-11-16 00:00:00,2.006585641451623
2012-11-19 00:00:00,2.3628581251464396
2012-11-22 00:00:00,3.8777583837680223
2012-11-25 00:00:00,6.4033112736543
2012-11-28 00:00:00,3.546453115471635
2012-12-01 00:00:00,3.0417044499011543
2012-12-04 00:00:00,1.28339542243377
2012-12-07 00:00:00,1.4478486935393227
2012-12-10 00:00:00,1.744115978322191
2012-12-13 00:00:00,1.0936722550651246
2012-12-16 00:00:00,2.7384170039174394
2012-12-19 00:00:00,1.52808238949597
2012-12-22 00:00:00,2.3596931322473162
2012-12-25 00:00:00,2.7835685034769964
2012-12-28 00:00:00,2.5463868281509634
2012-12-31 00:00:00,2.3200164790690705
2013-01-03 00:00:00,2.5540702790440113
2013-01-06 00:00:00,2.5211833503702827
2013-01-09 00:00:00,1.30244412149859
2013-01-12 00:00:00,1.7424078906256917
2013-01-15 00:00:00,1.3529311324577922
2013-01-18 00:00:00,1.2885818646145613
2013-01-21 00:00:00,1.9227685456384627
2013-01-24 00:00:00,1.1508048185598225
2013-01-27 00:00:00,2.4152997086735835
2013-01-30 00:00:00,1.2399057073687456
2013-02-02 00:00:00,1.2506906559286106
2013-02-05 00:00:00,1.6446288579262016
2013-02-08 00:00:00,1.6796350653104295
2013-02-11 00:00:00,2.199390704852897
2013-02-14 00:00:00,1.5925807218358536
2013-02-17 00:00:00,1.9832190869538173
2013-02-20 00:00:00,1.499536051544372
2013-02-23 00:00:00,1.7463743900376503
2013-02-26 00:00:00,1.4393583969649217
2013-03-01 00:00:00,1.2689950728261383
2013-03-04 00:00:00,2.286714123794641
2013-03-07 00:00:00,1.1813511875616882
2013-03-10 00:00:00,3.1234182854366446
2013-03-13 00:00:00,1.4184854574738348
2013-03-16 00:00:00,2.770262944218598
2013-03-19 00:00:00,1.5311420326101162
2013-03-22 00:00:00,1.865789538666758
2013-03-25 00:00:00,1.2288893636793061
2013-03-28 00:00:00,1.527110002822775
2013-03-31 00:00:00,2.967013576367238
2013-04-03 00:00:00,1.1682268828567701
2013-04-06 00:00:00,2.2252210272423225
2013-04-09 00:00:00,1.2386704338069252
2013-04-12 00:00:00,0.8964918117173525
2013-04-15 00:00:00,1.7886250082734114
2013-04-18 00:00:00,1.5768546774601377
2013-04-21 00:00:00,2.8788115187294867
2013-04-24 00:00:00,1.7784835855233105
2013-04-27 00:00:00,1.816969879310198
2013-04-30 00:00:00,1.6277932778108906
2013-05-03 00:00:00,0.9985633609500767
2013-05-06 00:00:00,1.523543601336999
2013-05-09 00:00:00,2.507213714023324
2013-05-12 00:00:00,2.112733629290732
2013-05-15 00:00:00,1.2951252677130984
2013-05-18 00:00:00,1.7242643053879219
2013-05-21 00:00:00,2.5286873268252457
2013-05-24 00:00:00,2.930585998611717
2013-05-27 00:00:00,4.786724398824053
2013-05-30 00:00:00,2.797771090439026
2013-06-02 00:00:00,4.517716738041981
2013-06-05 00:00:00,3.028762617851137
2013-06-08 00:00:00,3.0538332088558997
2013-06-11 00:00:00,3.0762894640435
2013-06-14 00:00:00,2.256569763482835
2013-06-17 00:00:00,3.256974033598073
2013-06-20 00:00:00,2.496432029482374
2013-06-23 00:00:00,4.303846488541119
2013-06-26 00:00:00,3.0217229458877863
2013-06-29 00:00:00,2.994287024989193
2013-07-02 00:00:00,1.5252233067964636
2013-07-05 00:00:00,1.3051742028978561
2013-07-08 00:00:00,2.4696254776891324
2013-07-11 00:00:00,2.36910374922812
2013-07-14 00:00:00,2.4050004882015426
2013-07-17 00:00:00,1.1652583628293565
2013-07-20 00:00:00,3.491102409257328
2013-07-23 00:00:00,1.1840792656239993
2013-07-26 00:00:00,2.1960019024445945
2013-07-29 00:00:00,2.3240166055540046
2013-08-01 00:00:00,1.9558852722880202
2013-08-04 00:00:00,4.590231052639633
2013-08-07 00:00:00,3.0031936190777717
2013-08-10 00:00:00,4.506597024947479
2013-08-13 00:00:00,1.8644044201361138
2013-08-16 00:00:00,2.7091835818663084
2013-08-19 00:00:00,2.4706757682522893
2013-08-22 00:00:00,2.9940735873858335
2013-08-25 00:00:00,3.3675257089803416
2013-08-28 00:00:00,2.232465055269626
2013-08-31 00:00:00,3.3342664718812816
2013-09-03 00:00:00,2.883428926602769
2013-09-06 00:00:00,3.6387021011605283
2013-09-09 00:00:00,3.8455994218520835
2013-09-12 00:00:00,3.516551118426451
2013-09-15 00:00:00,5.826292748406266
2013-09-18 00:00:00,2.5303618107045804
2013-09-21 00:00:00,4.243757773053139
2013-09-24 00:00:00,2.3504518365678995
2013-09-27 00:00:00,2.7366918118875527
2013-09-30 00:00:00,2.9064753593456585
2013-10-03 00:00:00,1.5580184087993225
2013-10-06 00:00:00,5.359029947234328
2013-10-09 00:00:00,2.5662127430300106
2013-10-12 00:00:00,3.719065359690785
2013-10-15 00:00:00,3.453826929211898
2013-10-18 00:00:00,2.8158273214364127
2013-10-21 00:00:00,2.8927146416513745
2013-10-24 00:00:00,2.10297064009235
2013-10-27 00:00:00,4.148845656747458
2013-10-30 00:00:00,2.962162525690084
2013-11-02 00:00:00,4.3946638943835685
2013-11-05 00:00:00,1.211366892098981
2013-11-08 00:00:00,1.0588332767157222
2013-11-11 00:00:00,2.7669341493518025
2013-11-14 00:00:00,1.5229866789054665
2013-11-17 00:00:00,2.8171393464658405
2013-11-20 00:00:00,1.2840710015355121
2013-11-23 00:00:00,2.0932553945862837
2013-11-26 00:00:00,1.4511353005824268
2013-11-29 00:00:00,1.311314594074344
2013-12-02 00:00:00,1.9371694983870598
2013-12-05 00:00:00,1.6701085649483551
2013-12-08 00:00:00,2.3492503994976617
2013-12-11 00:00:00,1.644265170954013
2013-12-14 00:00:00,4.367490289157863
2013-12-17 00:00:00,1.9696185375343096
2013-12-20 00:00:00,2.5210167175813423
2013-12-23 00:00:00,2.9962827426107532
2013-12-26 00:00:00,4.911261373515745
2013-12-29 00:00:00,6.044121744064382
2014-01-01 00:00:00,6.62360866006421
2014-01-04 00:00:00,2.6626823980099523
2014-01-07 00:00:00,4.02794183114735
2014-01-10 00:00:00,6.465816324845676
2014-01-13 00:00:00,5.604618032057893
2014-01-16 00:00:00,5.009220586096994
2014-01-19 00:00:00,7.605947691247154
2014-01-22 00:00:00,5.617970621470327
2014-01-25 00:00:00,4.900203059544412
2014-01-28 00:00:00,3.0458909584271763
2014-01-31 00:00:00,7.087170757121478
2014-02-03 00:00:00,8.315326214504704
2014-02-06 00:00:00,1.980325616881911
2014-02-09 00:00:00,4.462111166044042
2014-02-12 00:00:00,4.162463499526038
2014-02-15 00:00:00,6.1164673559578535
2014-02-18 00:00:00,3.569702315669981
2014-02-21 00:00:00,3.809193994778548
2014-02-24 00:00:00,2.742724511587677
2014-02-27 00:00:00,3.069844157920203
2014-03-02 00:00:00,5.27146080065311
2014-03-05 00:00:00,3.1789561785644898
2014-03-08 00:00:00,0.9437376447554441
2014-03-11 00:00:00,1.2556086777277455
2014-03-14 00:00:00,1.5772907903009992
2014-03-17 00:00:00,5.843144209063186
2014-03-20 00:00:00,3.0153110739116156
2014-03-23 00:00:00,13.109902501867431
2014-03-26 00:00:00,4.944587797571144
2014-03-29 00:00:00,5.8088361389431125
2014-04-01 00:00:00,3.6438755285289117
2014-04-04 00:00:00,3.8623834477114976
2014-04-07 00:00:00,4.459764148186418
2014-04-10 00:00:00,1.9688074714798263
2014-04-13 00:00:00,9.658414008660893
2014-04-16 00:00:00,2.220014412261894
2014-04-19 00:00:00,7.2554626502528015
2014-04-22 00:00:00,4.616264608885114
2014-04-25 00:00:00,3.299142358561942
2014-04-28 00:00:00,3.979906876515602
2014-05-01 00:00:00,5.579417647615885
2014-05-04 00:00:00,7.36311903143462
2014-05-07 00:00:00,3.789885005546191
2014-05-10 00:00:00,7.6898089436570825
2014-05-13 00:00:00,5.0784904718127155
2014-05-16 00:00:00,5.941600450426588
2014-05-19 00:00:00,6.295913353194245
2014-05-22 00:00:00,3.9864310780242143
2014-05-25 00:00:00,3.4408519885685553
2014-05-28 00:00:00,3.11282761651006
2014-05-31 00:00:00,4.29311209753664
2014-06-03 00:00:00,3.777396193925833
2014-06-06 00:00:00,3.637839226243237
2014-06-09 00:00:00,6.383123000227757
2014-06-12 00:00:00,2.654805316207144
2014-06-15 00:00:00,8.216718861311508
2014-06-18 00:00:00,5.016997728888531
2014-06-21 00:00:00,8.201581219875061
2014-06-24 00:00:00,2.224799248236008
2014-06-27 00:00:00,6.811874267519347
2014-06-30 00:00:00,3.639936709077113
2014-07-03 00:00:00,3.820914252740959
2014-07-06 00:00:00,8.38938285093145
2014-07-09 00:00:00,4.461437065602473
2014-07-12 00:00:00,7.705526670092619
2014-07-15 00:00:00,5.151499368955485
2014-07-18 00:00:00,4.952212645729765
2014-07-21 00:00:00,4.598159055419606
2014-07-24 00:00:00,3.568241243222428
2014-07-27 00:00:00,7.621622014792684
2014-07-30 00:00:00,5.72695253430076
2014-08-02 00:00:00,5.7816090560891675
2014-08-05 00:00:00,2.4299712589458595
2014-08-08 00:00:00,5.235428370956951
2014-08-11 00:00:00,6.118323861158585
2014-08-14 00:00:00,3.093330011506821
2014-08-17 00:00:00,5.0486643785095024
2014-08-20 00:00:00,3.8700416202325254
2014-08-23 00:00:00,5.4918228712852395
2014-08-26 00:00:00,4.37160852117435
2014-08-29 00:00:00,5.675700709971335
2014-09-01 00:00:00,4.306939454675701
2014-09-04 00:00:00,4.727947763736719
2014-09-07 00:00:00,6.482018980526294
2014-09-10 00:00:00,3.174179670819741
2014-09-13 00:00:00,6.393263593092874
2014-09-16 00:00:00,4.517045623234662
2014-09-19 00:00:00,2.08991068804158
2014-09-22 00:00:00,4.615993532707051
2014-09-25 00:00:00,3.6869926413290752
2014-09-28 00:00:00,3.7510814752887542
2014-10-01 00:00:00,2.4760369382561858
2014-10-04 00:00:00,2.018901364395935
2014-10-07 00:00:00,2.3915085800720957
2014-10-10 00:00:00,2.1608232653792876
2014-10-13 00:00:00,2.368112149866517
2014-10-16 00:00:00,2.9055300049607635
2014-10-19 00:00:00,4.017721563335542
2014-10-22 00:00:00,2.2344609069029087
2014-10-25 00:00:00,3.033959747999156
2014-10-28 00:00:00,3.224950506190317
2014-10-31 00:00:00,3.356813019878096
2014-11-03 00:00:00,3.0808851743700534
2014-11-06 00:00:00,2.4599242662397107
2014-11-09 00:00:00,3.4692579119097235
2014-11-12 00:00:00,1.6115134204726274
2014-11-15 00:00:00,2.2814803534545467
2014-11-18 00:00:00,1.6306177726709867
2014-11-21 00:00:00,1.9325603177962107
2014-11-24 00:00:00,2.963961683655172
2014-11-27 00:00:00,2.523255495992323
2014-11-30 00:00:00,3.7538941818820697
2014-12-03 00:00:00,1.4553131929104335
2014-12-06 00:00:00,1.8326272462699997
2014-12-09 00:00:00,1.0807377417280055
2014-12-12 00:00:00,2.580900380130424
2014-12-15 00:00:00,2.7137733494346015
2014-12-18 00:00:00,1.2916412470189187
2014-12-21 00:00:00,3.297002221882824
2014-12-24 00:00:00,1.754454236562208
2014-12-27 00:00:00,2.959150320977758
2014-12-30 00:00:00,2.283390626321468
2015-01-02 00:00:00,4.477311930218864
2015-01-05 00:00:00,1.8631924023031075
2015-01-08 00:00:00,1.8209145518444148
2015-01-11 00:00:00,2.5260333743231143
2015-01-14 00:00:00,0.8432218267563971
2015-01-17 00:00:00,1.808505786747198
2015-01-20 00:00:00,1.625530341399298
2015-01-23 00:00:00,1.6577349236966636
2015-01-26 00:00:00,0.8978349274589702
2015-01-29 00:00:00,1.815436404426884
2015-02-01 00:00:00,2.638345501311927
2015-02-04 00:00:00,2.0200266367985957
2015-02-07 00:00:00,2.6295617056211076
2015-02-10 00:00:00,1.8870138107700978
2015-02-13 00:00:00,1.483464678960246
2015-02-16 00:00:00,2.2747066471128523
2015-02-19 00:00:00,2.3152126403039563
2015-02-22 00:00:00,3.5671535340532543
2015-02-25 00:00:00,2.1735536809145266
2015-02-28 00:00:00,2.68235134159043
2015-03-03 00:00:00,1.6329485742342411
2015-03-06 00:00:00,1.8300493464837913
2015-03-09 00:00:00,1.9839171398908815
2015-03-12 00:00:00,1.6426684844219774
2015-03-15 00:00:00,4.1680868906692385
2015-03-18 00:00:00,1.5609738190447209
2015-03-21 00:00:00,2.637325000139236
2015-03-24 00:00:00,1.9056210929882849
2015-03-27 00:00:00,1.8974206110387601
2015-03-30 00:00:00,2.0673013255407993
2015-04-02 00:00:00,1.7401411184924467
2015-04-05 00:00:00,4.4156698874085905
2015-04-08 00:00:00,1.431998487166802
2015-04-11 00:00:00,1.8875542287548581
2015-04-14 00:00:00,1.5207214847229058
2015-04-17 00:00:00,1.846996138669843
2015-04-20 00:00:00,2.261570268398124
2015-04-23 00:00:00,2.028443797780437
2015-04-26 00:00:00,2.302358259515482
2015-04-29 00:00:00,1.7333190769248579
2015-05-02 00:00:00,2.6704044097813284
2015-05-05 00:00:00,2.28454419945321
2015-05-08 00:00:00,1.8933707318125603
2015-05-11 00:00:00,2.11831800919432
2015-05-14 00:00:00,1.884142396123028
2015-05-17 00:00:00,4.142730209086756
2015-05-20 00:00:00,1.8634637247173438
2015-05-23 00:00:00,1.5855100262567348
2015-05-26 00:00:00,1.9523850023642486
2015-05-29 00:00:00,1.8366109639364347
2015-06-01 00:00:00,1.4275050413949397
2015-06-04 00:00:00,1.722481124632804
2015-06-07 00:00:00,2.7916278285646903
2015-06-10 00:00:00,1.7498774094714544
2015-06-13 00:00:00,2.214109255310688
2015-06-16 00:00:00,0.9197670469863288
2015-06-19 00:00:00,0.9594676361061668
2015-06-22 00:00:00,2.055403799364878
2015-06-25 00:00:00,2.019692458311302
2015-06-28 00:00:00,2.5490827299448515
2015-07-01 00:00:00,1.5254938011993424
2015-07-04 00:00:00,2.2912552003665843
2015-07-07 00:00:00,1.1808650072894606
2015-07-10 00:00:00,1.069768498038333
2015-07-13 00:00:00,1.5767761078632963
2015-07-16 00:00:00,1.2970928127395858
2015-07-19 00:00:00,3.067895288883062
2015-07-22 00:00:00,1.9972221392633378
2015-07-25 00:00:00,1.9810464473657794
2015-07-28 00:00:00,1.1937688149368182
2015-07-31 00:00:00,1.678608367385775
2015-08-03 00:00:00,1.8908906057630268
2015-08-06 00:00:00,1.836398902499283
2015-08-09 00:00:00,1.1108503012931215
2015-08-12 00:00:00,1.218615096411447
2015-08-15 00:00:00,1.3131820666661929
2015-08-18 00:00:00,1.0227170386135358
2015-08-21 00:00:00,1.1901101957670774
2015-08-24 00:00:00,0.9049182261386931
2015-08-27 00:00:00,1.504207823410992
2015-08-30 00:00:00,2.0503728013962728
2015-09-02 00:00:00,1.714210460314592
2015-09-05 00:00:00,1.9328452570293204
2015-09-08 00:00:00,1.307451673201499
2015-09-11 00:00:00,1.6857234501681473
2015-09-14 00:00:00,1.744209806634473
2015-09-17 00:00:00,1.2860462713205825
2015-09-20 00:00:00,1.471942100641525
2015-09-23 00:00:00,1.355576302232852
2015-09-26 00:00:00,2.076250328393396
2015-09-29 00:00:00,1.3981300958328815
2015-10-02 00:00:00,0.833448600450245
2015-10-05 00:00:00,1.631349629235928
2015-10-08 00:00:00,0.8193645737872953
2015-10-11 00:00:00,2.336289683796691
2015-10-14 00:00:00,1.1557869865068489
2015-10-17 00:00:00,0.9420953016715451
2015-10-20 00:00:00,1.0165356706111488
2015-10-23 00:00:00,1.3004845146916464
2015-10-26 00:00:00,1.2289177884449907
2015-10-29 00:00:00,0.7771915526071613
2015-11-01 00:00:00,1.0442836056873086
2015-11-04 00:00:00,0.5109387194709989
2015-11-07 00:00:00,0.9921411750619537
2015-11-10 00:00:00,0.8141373768471976
2015-11-13 00:00:00,0.9677011679895711
2015-11-16 00:00:00,1.0488723106828757
2015-11-19 00:00:00,0.9468998385587133
2015-11-22 00:00:00,1.8752822798437176
2015-11-25 00:00:00,1.1806886573824422
2015-11-28 00:00:00,1.1781254591661925
2015-12-01 00:00:00,1.0563749918251522
2015-12-04 00:00:00,1.0564930823327163
2015-12-07 00:00:00,0.8801858837873557
2015-12-10 00:00:00,1.0902405593749567
2015-12-13 00:00:00,0.987807877224179
2015-12-16 00:00:00,0.9799594201065555
2015-12-19 00:00:00,1.0561487453552134
2015-12-22 00:00:00,0.7583039527107669
2015-12-25 00:00:00,1.1746408060096811
2015-12-28 00:00:00,1.6255248597686813
2015-12-31 00:00:00,2.0581544877333444
2016-01-03 00:00:00,3.0962180290911054
2016-01-06 00:00:00,1.5942515491889724
2016-01-09 00:00:00,2.5612458856417666
2016-01-12 00:00:00,1.9994186143738384
2016-01-15 00:00:00,0.9548091840201068
2016-01-18 00:00:00,2.2985208599527476
2016-01-21 00:00:00,1.023546019373968
2016-01-24 00:00:00,2.117654890977739
2016-01-27 00:00:00,1.1414615469411593
2016-01-30 00:00:00,1.1468528679205514
2016-02-02 00:00:00,1.0738564941089077
2016-02-05 00:00:00,1.127098798719532
2016-02-08 00:00:00,1.6371280650154991
2016-02-11 00:00:00,1.350561156636556
2016-02-14 00:00:00,1.7393044684452865
2016-02-17 00:00:00,0.8652805489747231
2016-02-20 00:00:00,1.1550752128343829
2016-02-23 00:00:00,0.9080545446861106
2016-02-26 00:00:00,1.1265604342127846
2016-02-29 00:00:00,0.6601430388630587
2016-03-03 00:00:00,0.6610685140455067
2016-03-06 00:00:00,1.059714787530939
2016-03-09 00:00:00,1.5079411904337097
2016-03-12 00:00:00,1.5835226180883222
2016-03-15 00:00:00,1.3541192791054038
2016-03-18 00:00:00,1.1738632276592076
2016-03-21 00:00:00,1.3679133704743984
2016-03-24 00:00:00,1.1391636374187548
2016-03-27 00:00:00,1.42765828953348
2016-03-30 00:00:00,1.060806513618481
2016-04-02 00:00:00,1.64494627869185
2016-04-05 00:00:00,1.137935154791577
2016-04-08 00:00:00,1.2189419911613197
2016-04-11 00:00:00,1.4453924931813726
2016-04-14 00:00:00,1.5193545577459622
2016-04-17 00:00:00,2.0674417791081043
2016-04-20 00:00:00,1.3323763306496479
2016-04-23 00:00:00,1.6332551334544463
2016-04-26 00:00:00,1.129962172133872
2016-04-29 00:00:00,0.9119308437507452
2016-05-02 00:00:00,1.2301887706114079
2016-05-05 00:00:00,1.3700439984925994
2016-05-08 00:00:00,2.5960410616212015
2016-05-11 00:00:00,1.066672532568767
2016-05-14 00:00:00,1.6055943665871721
2016-05-17 00:00:00,1.1243587200127894
2016-05-20 00:00:00,1.0732437261588583
2016-05-23 00:00:00,1.5926946129343544
2016-05-26 00:00:00,0.9448285664517218
2016-05-29 00:00:00,0.9202676446844996
2016-06-01 00:00:00,1.016267726400688
2016-06-04 00:00:00,1.291088655364872
2016-06-07 00:00:00,1.044423085277058
2016-06-10 00:00:00,0.9542887365316688
2016-06-13 00:00:00,1.4759759257893328
2016-06-16 00:00:00,0.6738165686168085
2016-06-19 00:00:00,2.2258317150761076
2016-06-22 00:00:00,0.6772372877054256
2016-06-25 00:00:00,1.8017620842697484
2016-06-28 00:00:00,1.1992960688249663
2016-07-01 00:00:00,1.37245645202778
2016-07-04 00:00:00,1.58921485589218
2016-07-07 00:00:00,1.05674186281139
2016-07-10 00:00:00,1.2567589003740538
2016-07-13 00:00:00,0.5877964828911506
2016-07-16 00:00:00,1.0284001291287708
2016-07-19 00:00:00,0.47240250298466596
2016-07-22 00:00:00,0.6702281123366359
2016-07-25 00:00:00,0.8267290364770148
2016-07-28 00:00:00,0.6913109380377543
2016-07-31 00:00:00,0.8532667525277247
2016-08-03 00:00:00,0.5985173707668096
2016-08-06 00:00:00,1.0806019832519413
2016-08-09 00:00:00,0.6498388737224103
2016-08-12 00:00:00,0.7462230206013443
2016-08-15 00:00:00,0.8873227375020992
2016-08-18 00:00:00,0.8085257634613225
2016-08-21 00:00:00,1.5299556301615507
2016-08-24 00:00:00,0.7303202226287305
2016-08-27 00:00:00,1.0949422597700438
2016-08-30 00:00:00,0.8058584704173835
2016-09-02 00:00:00,0.8526712022924775
2016-09-05 00:00:00,0.6972274471532693
2016-09-08 00:00:00,0.7590027443145752
2016-09-11 00:00:00,1.281002884905435
2016-09-14 00:00:00,0.9185695903909721
2016-09-17 00:00:00,1.3733765560490745
2016-09-20 00:00:00,0.8142657579684532
2016-09-23 00:00:00,0.7378260042692474
2016-09-26 00:00:00,0.7920722349789476
2016-09-29 00:00:00,0.7294288582776942
2016-10-02 00:00:00,1.122814672889002
2016-10-05 00:00:00,0.8880384206888904
2016-10-08 00:00:00,1.0202880480086982
2016-10-11 00:00:00,0.59783406451667
2016-10-14 00:00:00,0.7428781556869561
2016-10-17 00:00:00,0.6417524176701233
2016-10-20 00:00:00,0.6069523217101257
2016-10-23 00:00:00,1.1773504572717526
2016-10-26 00:00:00,0.7100732742206883
2016-10-29 00:00:00,0.8281810596278018
2016-11-01 00:00:00,0.6530782690347077
2016-11-04 00:00:00,0.5473782459136383
2016-11-07 00:00:00,0.7077891615582618
2016-11-10 00:00:00,0.8315282807185804
2016-11-13 00:00:00,1.044009359506042
2016-11-16 00:00:00,0.6096143864860889
2016-11-19 00:00:00,0.9167337180579058
2016-11-22 00:00:00,0.5954239940407989
2016-11-25 00:00:00,0.7738724547979962
2016-11-28 00:00:00,0.7953948991191944
2016-12-01 00:00:00,0.7431770902269543
2016-12-04 00:00:00,1.4778372443211811
2016-12-07 00:00:00,0.7785419786506231
2016-12-10 00:00:00,0.8986347414719342
2016-12-13 00:00:00,0.9041244082863109
2016-12-16 00:00:00,0.5727715496699084
2016-12-19 00:00:00,0.7146530229271861
2016-12-22 00:00:00,0.5440282236063959
2016-12-25 00:00:00,0.9245064275671032
2016-12-28 00:00:00,0.6445910835121686
2016-12-31 00:00:00,0.896620360151144
2017-01-03 00:00:00,0.6568916947828258
2017-01-06 00:00:00,0.4423884655516427
2017-01-09 00:00:00,0.6056863349007148
2017-01-12 00:00:00,0.5747682053769573
2017-01-15 00:00:00,1.1197464700308721
2017-01-18 00:00:00,0.6754328530055526
2017-01-21 00:00:00,1.0570444974698998
2017-01-24 00:00:00,0.761360123449711
2017-01-27 00:00:00,1.1880740878435623
2017-01-30 00:00:00,1.2184751682187116
2017-02-02 00:00:00,1.0190176383111402
2017-02-05 00:00:00,1.1356300657579645
2017-02-08 00:00:00,0.7737431135373025
2017-02-11 00:00:00,1.1439133747677803
2017-02-14 00:00:00,0.991989430369847
2017-02-17 00:00:00,0.7912297834152463
2017-02-20 00:00:00,1.130829940739484
2017-02-23 00:00:00,0.7491125529712294
2017-02-26 00:00:00,1.4126118893355837
2017-03-01 00:00:00,0.8657732293009838
2017-03-04 00:00:00,0.9317234877064422
2017-03-07 00:00:00,0.810266490044327
2017-03-10 00:00:00,0.8038478371856478
2017-03-13 00:00:00,0.8223393619269695
2017-03-16 00:00:00,0.5143125376157003
2017-03-19 00:00:00,0.9311479351146906
2017-03-22 00:00:00,0.6154979226196247
2017-03-25 00:00:00,0.5562814687976594
2017-03-28 00:00:00,0.5306141893815546
2017-03-31 00:00:00,0.4494573589330133
2017-04-03 00:00:00,0.7834032533028115
2017-04-06 00:00:00,0.6622803501232123
2017-04-09 00:00:00,1.1838784206971702
2017-04-12 00:00:00,0.7536549456477056
2017-04-15 00:00:00,0.9026785568083115
2017-04-18 00:00:00,0.722743202640894
2017-04-21 00:00:00,0.8991356663037152
2017-04-24 00:00:00,0.7965048477532665
2017-04-27 00:00:00,0.6984697638830724
2017-04-30 00:00:00,1.0448555053697648
2017-05-03 00:00:00,0.597603291729631
2017-05-06 00:00:00,0.7894915833541907
2017-05-09 00:00:00,0.506500954470438
2017-05-12 00:00:00,0.6533651901854354
2017-05-15 00:00:00,0.6111545041742744
2017-05-18 00:00:00,0.6077142534760935
2017-05-21 00:00:00,0.8217032015540804
2017-05-24 00:00:00,0.5322352490977077
2017-05-27 00:00:00,0.8191215720730267
2017-05-30 00:00:00,0.7070560372536374
2017-06-02 00:00:00,0.7728904823112478
2017-06-05 00:00:00,0.8555797984258493
2017-06-08 00:00:00,0.880097779746027
2017-06-11 00:00:00,0.9828451715742395
2017-06-14 00:00:00,0.7161901095688769
2017-06-17 00:00:00,1.056208028264431
2017-06-20 00:00:00,0.8172996653500209
2017-06-23 00:00:00,1.1414073760903265
2017-06-26 00:00:00,0.7539571814203412
2017-06-29 00:00:00,0.7682009195804553
2017-07-02 00:00:00,1.3509976116064277
2017-07-05 00:00:00,0.7486649995022576
2017-07-08 00:00:00,1.0341583876755827
2017-07-11 00:00:00,0.8622074893491692
2017-07-14 00:00:00,0.8793843483598497
2017-07-17 00:00:00,0.7818301066370041
2017-07-20 00:00:00,0.8649648175417801
2017-07-23 00:00:00,1.462792508172318
2017-07-26 00:00:00,0.7398105550478378
2017-07-29 00:00:00,0.6212420250275376
2017-08-01 00:00:00,0.38372823469026685
2017-08-04 00:00:00,0.5646826905846937
2017-08-07 00:00:00,0.5002565811595865
2017-08-10 00:00:00,0.6642337512764888
2017-08-13 00:00:00,0.9083028366069698
2017-08-16 00:00:00,0.8754950738638424
2017-08-19 00:00:00,0.686953549842847
2017-08-22 00:00:00,0.6699692254314488
2017-08-25 00:00:00,0.9626844120890942
2017-08-28 00:00:00,0.9449675998522188
2017-08-31 00:00:00,0.9760708279192523
2017-09-03 00:00:00,1.2638413377800348
2017-09-06 00:00:00,0.7917528381903185
2017-09-09 00:00:00,1.2691363817580636
2017-09-12 00:00:00,1.1631218101163827
2017-09-15 00:00:00,0.5680982207926923
2017-09-18 00:00:00,0.8570547867298935
2017-09-21 00:00:00,1.240744728122454
2017-09-24 00:00:00,1.9525510987115173
2017-09-27 00:00:00,1.1532541293048184
2017-09-30 00:00:00,1.193926776205895
2017-10-03 00:00:00,1.5151467449939788
2017-10-06 00:00:00,1.2999242059875633
2017-10-09 00:00:00,0.9232532739432749
2017-10-12 00:00:00,1.0036205824311326
2017-10-15 00:00:00,1.6905954349459018
2017-10-18 00:00:00,0.8263259203443254
2017-10-21 00:00:00,1.3474633649565941
2017-10-24 00:00:00,0.5988707005786373
2017-10-27 00:00:00,0.8888825455060734
2017-10-30 00:00:00,0.7629701523882501
2017-11-02 00:00:00,0.6358564769219295
2017-11-05 00:00:00,1.1040546637382953
2017-11-08 00:00:00,0.8269035747680243
2017-11-11 00:00:00,0.6234624583087892
2017-11-14 00:00:00,0.8017346029628583
2017-11-17 00:00:00,0.6912648431408615
2017-11-20 00:00:00,0.867693019147149
2017-11-23 00:00:00,0.7395167671189276
2017-11-26 00:00:00,0.8623405058017102
2017-11-29 00:00:00,0.6111352888205852
2017-12-02 00:00:00,1.2283913006653804
2017-12-05 00:00:00,1.088478029192623
2017-12-08 00:00:00,0.8643372715721273
2017-12-11 00:00:00,1.0285610997428358
2017-12-14 00:00:00,1.3746652305337226
2017-12-17 00:00:00,1.0845256642536185
2017-12-20 00:00:00,0.8123629408487192
2017-12-23 00:00:00,1.7464793838859762
2017-12-26 00:00:00,1.261030381137589
2017-12-29 00:00:00,1.1322354016381668
2018-01-01 00:00:00,1.3092440016351286
2018-01-04 00:00:00,1.0792460478746513
2018-01-07 00:00:00,0.9217369837425764
2018-01-10 00:00:00,1.0755178041544045
2018-01-13 00:00:00,1.3261141323452634
2018-01-16 00:00:00,0.9597374226727637
2018-01-19 00:00:00,1.1653747195270603
2018-01-22 00:00:00,1.2064497778051573
2018-01-25 00:00:00,1.1598545058812115
2018-01-28 00:00:00,1.302241849301639
2018-01-31 00:00:00,1.0162840837124942
2018-02-03 00:00:00,1.2909142894031533
2018-02-06 00:00:00,0.8000151188835583
2018-02-09 00:00:00,0.8902787628015894
2018-02-12 00:00:00,1.1848720154370644
2018-02-15 00:00:00,1.3172126479759945
2018-02-18 00:00:00,2.5980180154204775
2018-02-21 00:00:00,1.480258985460724
2018-02-24 00:00:00,1.1378182224810687
2018-02-27 00:00:00,1.4720762331009047
2018-03-02 00:00:00,1.671953658086113
2018-03-05 00:00:00,1.3975843032972182
2018-03-08 00:00:00,1.440111871070165
2018-03-11 00:00:00,1.8738206776659427
2018-03-14 00:00:00,1.2257307440158132
2018-03-17 00:00:00,2.1410905956531368
2018-03-20 00:00:00,1.4031394351590363
2018-03-23 00:00:00,1.5263230924251832
2018-03-26 00:00:00,1.5373251671764951
2018-03-29 00:00:00,1.317995208269623
2018-04-01 00:00:00,2.3722360945555856
2018-04-04 00:00:00,1.6857861582730684
2018-04-07 00:00:00,2.4122620849556644
2018-04-10 00:00:00,1.728071260485191
2018-04-13 00:00:00,1.4544302065038492
2018-04-16 00:00:00,1.652775635264672
2018-04-19 00:00:00,1.3437811195593492
2018-04-22 00:00:00,2.697555497322414
2018-04-25 00:00:00,0.8936060563445934
2018-04-28 00:00:00,0.9186720149438924
2018-05-01 00:00:00,2.1296443709761204
2018-05-04 00:00:00,1.2140063575674167
2018-05-07 00:00:00,1.3819476373141713
2018-05-10 00:00:00,1.3414694769090898
2018-05-13 00:00:00,2.5735668006953096
2018-05-16 00:00:00,1.3985169664808161
2018-05-19 00:00:00,2.8248217834745404
2018-05-22 00:00:00,1.7489234544339718
2018-05-25 00:00:00,2.1056594709957634
2018-05-28 00:00:00,1.3922686458676652
2018-05-31 00:00:00,1.942561741475673
2018-06-03 00:00:00,3.2531132382341803
2018-06-06 00:00:00,1.820006403699495
2018-06-09 00:00:00,2.7000624820056434
2018-06-12 00:00:00,1.4641286252128123
2018-06-15 00:00:00,1.609003110718212
2018-06-18 00:00:00,2.0172432778295764
2018-06-21 00:00:00,2.0572200476336495
2018-06-24 00:00:00,2.294493403842563
2018-06-27 00:00:00,1.1915323047197324
2018-06-30 00:00:00,2.1562798700139134
2018-07-03 00:00:00,1.1236017622367436
2018-07-06 00:00:00,1.6454866174228095
2018-07-09 00:00:00,1.8008018605618743
2018-07-12 00:00:00,1.6638485133445142
2018-07-15 00:00:00,2.9916308687978477
2018-07-18 00:00:00,1.530432455439298
2018-07-21 00:00:00,2.413089181703372
2018-07-24 00:00:00,1.4101078310162198
2018-07-27 00:00:00,1.9164464214733414
2018-07-30 00:00:00,1.5939633706136997
2018-08-02 00:00:00,1.4213150529136154
2018-08-05 00:00:00,3.7776284600772647
2018-08-08 00:00:00,1.628079989794868
2018-08-11 00:00:00,2.613642276256489
2018-08-14 00:00:00,0.9879198033596732
2018-08-17 00:00:00,1.5880658528450295
2018-08-20 00:00:00,1.9657183604908133
2018-08-23 00:00:00,1.3687977873931785
2018-08-26 00:00:00,3.852226379299648
2018-08-29 00:00:00,1.4268169408692033
2018-09-01 00:00:00,2.5480798300175014
2018-09-04 00:00:00,1.3828942740234849
2018-09-07 00:00:00,1.6836721039612
2018-09-10 00:00:00,1.5195315376880532
2018-09-13 00:00:00,0.9654241287810975
2018-09-16 00:00:00,4.017942987712739
2018-09-19 00:00:00,1.8518877080424954
2018-09-22 00:00:00,2.854725255059556
2018-09-25 00:00:00,1.6242206727378705
2018-09-28 00:00:00,1.428381104856924
2018-10-01 00:00:00,1.915185517714393
2018-10-04 00:00:00,1.8703475859794028
2018-10-07 00:00:00,4.7607875760853755
2018-10-10 00:00:00,1.573168007052264
2018-10-13 00:00:00,3.016243124973305
2018-10-16 00:00:00,1.2461022612762016
2018-10-19 00:00:00,1.3856211146599058
2018-10-22 00:00:00,1.7157415423445201
2018-10-25 00:00:00,1.361558342003273
2018-10-28 00:00:00,2.465642926365491
2018-10-31 00:00:00,1.6041775456206682
2018-11-03 00:00:00,3.507819810322603
2018-11-06 00:00:00,1.384611933576415
2018-11-09 00:00:00,1.2265298118904568
2018-11-12 00:00:00,1.5227259517112246
2018-11-15 00:00:00,0.33555522190401044
2018-11-18 00:00:00,2.4318509307066294
2018-11-21 00:00:00,0.5997759196126663
2018-11-24 00:00:00,1.8899352362128772
2018-11-27 00:00:00,0.7307985694285459
2018-11-30 00:00:00,0.32877702442659024
2018-12-03 00:00:00,0.4556774637993582
2018-12-06 00:00:00,0.4450332181846985
2018-12-09 00:00:00,2.0026193325767525
2018-12-12 00:00:00,0.9424321491720965
2018-12-15 00:00:00,2.0549729406812967
2018-12-18 00:00:00,0.793182683997558
2018-12-21 00:00:00,0.8762103826420309
2018-12-24 00:00:00,1.1730678560044563
2018-12-27 00:00:00,1.4304559847825808
2018-12-30 00:00:00,3.142841105011401
2019-01-02 00:00:00,1.5076680791902375
2019-01-05 00:00:00,2.479267752734711
2019-01-08 00:00:00,1.4593104220838404
2019-01-11 00:00:00,0.6290567317942358
2019-01-14 00:00:00,1.153554147128862
2019-01-17 00:00:00,1.1615478171100393
2019-01-20 00:00:00,2.977423448567727
2019-01-23 00:00:00,1.2437415451485885
2019-01-26 00:00:00,2.3938515752975675
2019-01-29 00:00:00,1.2717231632098984
2019-02-01 00:00:00,1.1217087422725291
2019-02-04 00:00:00,1.7941139380635653
2019-02-07 00:00:00,1.5504436243816957
2019-02-10 00:00:00,2.3320571466908846
2019-02-13 00:00:00,1.0268868693613442
2019-02-16 00:00:00,1.8765110895307264
2019-02-19 00:00:00,1.078497265516253
2019-02-22 00:00:00,1.3620832213729965
2019-02-25 00:00:00,0.8777665205053078
2019-02-28 00:00:00,0.7768557619889599
2019-03-03 00:00:00,2.6943604751280334
2019-03-06 00:00:00,1.0490263334567576
2019-03-09 00:00:00,2.022022174843237
2019-03-12 00:00:00,1.1108302103178593
2019-03-15 00:00:00,1.3882005791802183
2019-03-18 00:00:00,1.3570396002409457
2019-03-21 00:00:00,1.1360466573937573
2019-03-24 00:00:00,2.5997189267830767
2019-03-27 00:00:00,1.2248358193223667
2019-03-30 00:00:00,2.0877457273574005
2019-04-02 00:00:00,0.6925978644933591
2019-04-05 00:00:00,1.161790012057247
2019-04-08 00:00:00,1.0590198891396019
2019-04-11 00:00:00,1.0160568764441544
2019-04-14 00:00:00,1.4571035147308236
2019-04-17 00:00:00,1.0851844571096605
2019-04-20 00:00:00,2.4515443706368854
2019-04-23 00:00:00,1.0404678185810656
2019-04-26 00:00:00,0.851368702727758
2019-04-29 00:00:00,1.2590526570512894
2019-05-02 00:00:00,1.7139776446550605
2019-05-05 00:00:00,2.1452170593750473
2019-05-08 00:00:00,1.152068390525058
2019-05-11 00:00:00,1.326218242124717
2019-05-14 00:00:00,0.9738080051709024
2019-05-17 00:00:00,1.1874891997464407
2019-05-20 00:00:00,1.5424932039313313
2019-05-23 00:00:00,1.3903367482906384
2019-05-26 00:00:00,2.0785746043135833
2019-05-29 00:00:00,0.7512412329896389
2019-06-01 00:00:00,1.8416216646228118
2019-06-04 00:00:00,0.7700127799214644
2019-06-07 00:00:00,1.5291253702571723
2019-06-10 00:00:00,1.5999504387879084
2019-06-13 00:00:00,1.4366829353504311
2019-06-16 00:00:00,1.499877621084398
2019-06-19 00:00:00,1.111965337190534
2019-06-22 00:00:00,0.9128126770897022
2019-06-25 00:00:00,1.2033116201042762
2019-06-28 00:00:00,0.9886613687056811
2019-07-01 00:00:00,1.2461928140076448
2019-07-04 00:00:00,1.3308214109705765
2019-07-07 00:00:00,3.923612010692761
2019-07-10 00:00:00,0.683502863820454
2019-07-13 00:00:00,2.9495516000570836
2019-07-16 00:00:00,1.396490197081355
2019-07-19 00:00:00,0.7625543378843871
2019-07-22 00:00:00,2.0915362328473845
2019-07-25 00:00:00,1.8882580297559408
2019-07-28 00:00:00,5.533590379487264
2019-07-31 00:00:00,2.0899963572157594
2019-08-03 00:00:00,4.480407773706551
2019-08-06 00:00:00,1.3285780040845079
2019-08-09 00:00:00,1.5845381868552784
2019-08-12 00:00:00,1.520645713830519
2019-08-15 00:00:00,1.292656030856958
2019-08-18 00:00:00,1.7812070142245677
2019-08-21 00:00:00,1.6938313629612152
2019-08-24 00:00:00,3.4869062819532624
2019-08-27 00:00:00,1.3566088100664941
2019-08-30 00:00:00,1.5029416363651498
2019-09-02 00:00:00,1.60618659491525
2019-09-05 00:00:00,1.301760725573714
2019-09-08 00:00:00,3.196425543637856
2019-09-11 00:00:00,1.6548082988521815
2019-09-14 00:00:00,3.7847541654582275
2019-09-17 00:00:00,1.3626748584260904
2019-09-20 00:00:00,1.1140705442993524
2019-09-23 00:00:00,1.7022533345708664
2019-09-26 00:00:00,1.4030679146058227
2019-09-29 00:00:00,3.051224234376657
2019-10-02 00:00:00,2.1015938187472485
2019-10-05 00:00:00,4.338600170276943
2019-10-08 00:00:00,1.8018761346903667
2019-10-11 00:00:00,1.7970756611045715
2019-10-14 00:00:00,0.8298925097198326
2019-10-17 00:00:00,1.308562897626067
2019-10-20 00:00:00,4.386558367525872
2019-10-23 00:00:00,1.2668146347459603
2019-10-26 00:00:00,1.3403192697715463
2019-10-29 00:00:00,1.3718675099145219
2019-11-01 00:00:00,0.7386885266117884
2019-11-04 00:00:00,1.1936055297079573
