2016-04-24 10:00:00,711420.0
2016-04-25 06:41:00,3708001.0
2016-04-26 03:22:00,2618423.0
2016-04-27 00:03:00,3317404.0
2016-04-27 20:44:00,7972753.0
2016-04-28 17:25:00,11178689
2016-04-29 14:06:00,4560504.0
2016-04-30 10:47:00,4865654.0
2016-05-01 07:28:00,1327738.0
2016-05-02 04:09:00,1399259.0
2016-05-03 00:50:00,1214904.0
2016-05-03 21:31:00,769754.0
2016-05-04 18:12:00,5638298.0
2016-05-05 14:53:00,1543620.0
2016-05-06 11:34:00,1496935.0
2016-05-07 08:15:00,980186.0
2016-05-08 04:56:00,933277.0
2016-05-09 01:37:00,2348766.0
2016-05-09 22:18:00,1519207.0
2016-05-10 19:00:00,2662723.0
2016-05-11 15:41:00,2855235.0
2016-05-12 12:28:00,1243119.0
2016-05-13 09:09:00,2223072.0
2016-05-14 05:50:00,1269619.0
2016-05-15 02:31:00,1377860.0
2016-05-15 23:12:00,4224826.0
2016-05-16 19:53:00,10074697
2016-05-17 16:34:00,9301802.0
2016-05-18 13:15:00,1698165.0
2016-05-19 09:56:00,11627112
2016-05-20 06:37:00,3771895.0
2016-05-21 03:18:00,4268401.0
2016-05-21 23:59:00,2345831.0
2016-05-22 20:40:00,2105149.0
2016-05-23 17:21:00,4273689.0
2016-05-24 14:02:00,5329719.0
2016-05-25 10:43:00,4593258.0
2016-05-26 07:24:00,6265680.0
2016-05-27 04:05:00,10663893
2016-05-28 00:46:00,9288855.0
2016-05-28 21:27:00,3922727.0
2016-05-29 18:08:00,1458590.0
2016-05-30 14:49:00,4379102.0
2016-05-31 11:30:00,5449729.0
2016-06-01 08:11:00,5607724.0
2016-06-02 04:52:00,3559797.0
2016-06-03 01:33:00,2419031.0
2016-06-03 22:14:00,825174.0
2016-06-04 18:55:00,4871786.0
2016-06-05 15:36:00,1088452.0
2016-06-06 12:17:00,1187626.0
2016-06-07 08:58:00,1712513.0
2016-06-08 05:39:00,4419624.0
2016-06-09 02:20:00,1120606.0
2016-06-09 23:01:00,1709156.0
2016-06-10 19:42:00,1489377.0
2016-06-11 16:23:00,890888.0
2016-06-12 13:04:00,1794358.0
2016-06-13 09:45:00,6962467.0
2016-06-14 06:26:00,15075747
2016-06-15 03:08:00,21338962
2016-06-15 23:49:00,24951626
2016-06-16 20:30:00,24976931
2016-06-17 17:11:00,27033574
2016-06-18 13:52:00,21026053
2016-06-19 10:33:00,3167663.0
2016-06-20 07:14:00,872180.0
2016-06-21 03:55:00,6362699.0
2016-06-22 00:36:00,6364705.0
2016-06-22 21:17:00,15410011
2016-06-23 17:58:00,12587632
2016-06-24 14:39:00,20847844
2016-06-25 11:20:00,5459549.0
2016-06-26 08:01:00,1076809.0
2016-06-27 04:42:00,1710429.0
2016-06-28 01:23:00,2753489.0
2016-06-28 22:04:00,5620211.0
2016-06-29 18:45:00,5688663.0
2016-06-30 15:26:00,7704083.0
2016-07-01 12:07:00,3620015.0
2016-07-02 08:48:00,4769731.0
2016-07-03 05:29:00,1401419.0
2016-07-04 02:10:00,1936068.0
2016-07-04 22:51:00,5007389.0
2016-07-05 19:32:00,1906273.0
2016-07-06 16:13:00,3957895.0
2016-07-07 12:54:00,3201692.0
2016-07-08 09:35:00,2029718.0
2016-07-09 06:16:00,2084950.0
2016-07-10 02:57:00,2023682.0
2016-07-10 23:38:00,1094008.0
2016-07-11 20:19:00,3040848.0
2016-07-12 17:00:00,6227518.0
2016-07-13 13:41:00,7735005.0
2016-07-14 10:22:00,1455678.0
2016-07-15 07:03:00,4999547.0
2016-07-16 03:44:00,1438923.0
2016-07-17 00:25:00,2702831.0
2016-07-17 21:06:00,2087539.0
2016-07-18 17:47:00,4923041.0
2016-07-19 14:28:00,4831392.0
2016-07-20 11:09:00,2672761.0
2016-07-21 07:50:00,5841099.0
2016-07-22 04:31:00,2802196.0
2016-07-23 01:12:00,8002300.0
2016-07-23 21:53:00,1409414.0
2016-07-24 18:34:00,9493856.0
2016-07-25 15:15:00,3299482.0
2016-07-26 11:56:00,3318938.0
2016-07-27 08:37:00,11250742
2016-07-28 05:18:00,6193641.0
2016-07-29 01:59:00,1826446.0
2016-07-29 22:40:00,3992330.0
2016-07-30 19:21:00,10299314
2016-07-31 16:02:00,3648991.0
2016-08-01 12:43:00,5376925.0
2016-08-02 09:24:00,6016949.0
2016-08-03 06:05:00,4883345.0
2016-08-04 02:46:00,7019975.0
2016-08-04 23:27:00,5690768.0
2016-08-05 20:08:00,5030314.0
2016-08-06 16:49:00,1482011.0
2016-08-07 13:30:00,2792856.0
2016-08-08 10:11:00,10018926
2016-08-09 06:52:00,3586800.0
2016-08-10 03:33:00,2259517.0
2016-08-11 00:14:00,8555948.0
2016-08-11 20:55:00,2844956.0
2016-08-12 17:36:00,10415310
2016-08-13 14:17:00,1650797.0
2016-08-14 10:58:00,1743454.0
2016-08-15 07:39:00,6678412.0
2016-08-16 04:20:00,10774192
2016-08-17 01:01:00,5199348.0
2016-08-17 21:42:00,4958852.0
2016-08-18 18:23:00,2302879.0
2016-08-19 15:04:00,4306910.0
2016-08-20 11:45:00,3832211.0
2016-08-21 08:26:00,1195280.0
2016-08-22 05:07:00,3730411.0
2016-08-23 01:48:00,2652822.0
2016-08-23 22:29:00,2809550.0
2016-08-24 19:10:00,4623913.0
2016-08-25 15:51:00,9550016.0
2016-08-26 12:32:00,2300836.0
2016-08-27 09:13:00,2132289.0
2016-08-28 05:54:00,2386426.0
2016-08-29 02:35:00,2119925.0
2016-08-29 23:16:00,7060312.0
2016-08-30 19:57:00,8174042.0
2016-08-31 16:38:00,2029959.0
2016-09-01 13:19:00,2172940.0
2016-09-02 10:00:00,1313809.0
2016-09-03 06:41:00,3389386.0
2016-09-04 03:22:00,2188630.0
2016-09-05 00:03:00,1343802.0
2016-09-05 20:44:00,8606685.0
2016-09-06 17:25:00,3160328.0
2016-09-07 14:06:00,1563723.0
2016-09-08 10:47:00,5465032.0
2016-09-09 07:28:00,3961407.0
2016-09-10 04:09:00,2092869.0
2016-09-11 00:50:00,2677105.0
2016-09-11 21:31:00,1937614.0
2016-09-12 18:12:00,2985901.0
2016-09-13 14:53:00,2880642.0
2016-09-14 11:34:00,2718024.0
2016-09-15 08:15:00,5038979.0
2016-09-16 04:56:00,2299363.0
2016-09-17 01:37:00,5198009.0
2016-09-17 22:18:00,5529933.0
2016-09-18 18:59:00,2707831.0
2016-09-19 15:40:00,2642274.0
2016-09-20 12:21:00,3255004.0
2016-09-21 09:02:00,3322182.0
2016-09-22 05:43:00,2058588.0
2016-09-23 02:24:00,2919931.0
2016-09-23 23:05:00,1634951.0
2016-09-24 19:46:00,1320020.0
2016-09-25 16:27:00,1345218.0
2016-09-26 13:08:00,3555114.0
2016-09-27 09:49:00,2548946.0
2016-09-28 06:30:00,1990657.0
2016-09-29 03:11:00,1758879.0
2016-09-29 23:52:00,3467443.0
2016-09-30 20:33:00,2693316.0
2016-10-01 17:14:00,2568367.0
2016-10-02 13:55:00,1656827.0
2016-10-03 10:36:00,3248146.0
2016-10-04 07:17:00,3276913.0
2016-10-05 03:58:00,2464160.0
2016-10-06 00:39:00,2756905.0
2016-10-06 21:20:00,4902253.0
2016-10-07 18:01:00,3893908.0
2016-10-08 14:42:00,1713651.0
2016-10-09 11:23:00,1623459.0
2016-10-10 08:04:00,2663434.0
2016-10-11 04:45:00,6618659.0
2016-10-12 01:26:00,7849346.0
2016-10-12 22:07:00,3616231.0
2016-10-13 18:48:00,8474409.0
2016-10-14 15:29:00,7172145.0
2016-10-15 12:10:00,4501689.0
2016-10-16 08:51:00,1724804.0
2016-10-17 05:32:00,2787721.0
2016-10-18 02:13:00,4357680.0
2016-10-18 22:54:00,3488065.0
2016-10-19 19:35:00,8295041.0
2016-10-20 16:16:00,9351062.0
2016-10-21 12:57:00,4042758.0
2016-10-22 09:38:00,7827255.0
2016-10-23 06:19:00,1382519.0
2016-10-24 03:00:00,2361838.0
2016-10-24 23:41:00,12699675
2016-10-25 20:22:00,16322477
2016-10-26 17:03:00,26226644.666666668
2016-10-27 13:44:00,18574130
2016-10-28 10:25:00,2247769.0
2016-10-29 07:06:00,3031129.0
2016-10-30 03:47:00,3496706.5
2016-10-31 00:28:00,2339889.75
2016-10-31 21:09:00,4926215.5
2016-11-01 17:50:00,4127601.25
2016-11-02 14:31:00,5415867.25
2016-11-03 11:12:00,3301021.25
2016-11-04 07:53:00,5355851.25
2016-11-05 04:34:00,2322292.5
2016-11-06 01:15:00,2048523.75
2016-11-06 21:56:00,3587901.5
2016-11-07 18:37:00,9240111.0
2016-11-08 15:18:00,3329346.0
2016-11-09 11:59:00,4331935.25
2016-11-10 08:40:00,2765228.25
2016-11-11 05:21:00,1999876.25
2016-11-12 02:02:00,1902634.5
2016-11-12 22:43:00,2247202.75
2016-11-13 19:24:00,2260274.75
2016-11-14 16:05:00,3042502.25
2016-11-15 12:46:00,2256661.75
2016-11-16 09:27:00,3632589.5
2016-11-17 06:08:00,1929808.0
2016-11-18 02:49:00,5643352.5
2016-11-18 23:30:00,6227259.25
2016-11-19 20:11:00,2195863.5
2016-11-20 16:52:00,6083774.0
2016-11-21 13:33:00,10876934.5
2016-11-22 10:14:00,25331724.75
2016-11-23 06:55:00,27502758.75
2016-11-24 03:36:00,43442714.5
2016-11-25 00:17:00,27229327.5
2016-11-25 20:58:00,29029276
2016-11-26 17:39:00,12911533
2016-11-27 14:20:00,2905650.5
2016-11-28 11:01:00,4027586.0
2016-11-29 07:42:00,5537340.5
2016-11-30 04:23:00,2415491.0
2016-12-01 01:04:00,5322595.5
2016-12-01 21:45:00,25698613
2016-12-02 18:26:00,27191054
2016-12-03 15:07:00,5376399.0
2016-12-04 11:48:00,5933103.0
2016-12-05 08:29:00,3736944.0
2016-12-06 05:10:00,16511531
2016-12-07 01:51:00,7403542.0
2016-12-07 22:32:00,5544621.0
2016-12-08 19:13:00,5557717.5
2016-12-09 15:54:00,8058518.5
2016-12-10 12:35:00,8288842.0
2016-12-11 09:16:00,3683434.0
2016-12-12 05:57:00,2377303.0
2016-12-13 02:38:00,6370001.5
2016-12-13 23:19:00,4565589.0
2016-12-14 20:00:00,7379193.5
2016-12-15 16:41:00,18099312
2016-12-16 13:22:00,12071700
2016-12-17 10:03:00,10469645.5
2016-12-18 06:44:00,7548970.5
2016-12-19 03:25:00,5971934.5
2016-12-20 00:06:00,10527458.5
2016-12-20 20:47:00,13990328
2016-12-21 17:28:00,14452466
2016-12-22 14:09:00,10492025
2016-12-23 10:50:00,7357283.0
2016-12-24 07:31:00,12843464.5
2016-12-25 04:12:00,2810220.5
2016-12-26 00:53:00,2157004.0
2016-12-26 21:34:00,2967552.5
2016-12-27 18:15:00,4117080.0
2016-12-28 14:56:00,4065215.0
2016-12-29 11:37:00,3302346.0
2016-12-30 08:18:00,2631499.5
2016-12-31 04:59:00,2264449.5
2017-01-01 01:40:00,2404773.0
2017-01-01 22:21:00,6441693.0
2017-01-02 19:02:00,7281014.5
2017-01-03 15:43:00,3671687.5
2017-01-04 12:24:00,11136634.5
2017-01-05 09:05:00,7097640.0
2017-01-06 05:46:00,22952484.5
2017-01-07 02:27:00,16389925
2017-01-07 23:08:00,16314294
2017-01-08 19:49:00,8861330.0
2017-01-09 16:30:00,13214267
2017-01-10 13:11:00,13697020.5
2017-01-11 09:52:00,9978714.5
2017-01-12 06:33:00,9454205.5
2017-01-13 03:14:00,3073205.5
2017-01-13 23:55:00,8426492.0
2017-01-14 20:36:00,5846062.5
2017-01-15 17:17:00,1753079.5
2017-01-16 13:58:00,1362956.5
2017-01-17 10:39:00,4276962.5
2017-01-18 07:20:00,5267245.0
2017-01-19 04:01:00,4627191.0
2017-01-20 00:42:00,4227435.0
2017-01-20 21:23:00,1159616.5
2017-01-21 18:04:00,3530373.5
2017-01-22 14:45:00,1068463.0
2017-01-23 11:26:00,6889345.0
2017-01-24 08:07:00,31846112.5
2017-01-25 04:48:00,35315399
2017-01-26 01:29:00,20837046.5
2017-01-26 22:10:00,8981693.5
2017-01-27 18:51:00,2187165.0
2017-01-28 15:32:00,3537980.0
2017-01-29 12:13:00,2106099.5
2017-01-30 08:54:00,8332430.0
2017-01-31 05:35:00,27272950
2017-02-01 02:16:00,24611197.5
2017-02-01 22:57:00,16724616.5
2017-02-02 19:38:00,24943323.5
2017-02-03 16:19:00,37795766.5
2017-02-04 13:00:00,17132499
2017-02-05 09:41:00,11134395.5
2017-02-06 06:22:00,17252792
2017-02-07 03:03:00,45555483.5
2017-02-07 23:44:00,41136842.5
2017-02-08 20:25:00,43223002
2017-02-09 17:06:00,36367955.75
2017-02-10 13:47:00,29404186
2017-02-11 10:28:00,12560203.75
2017-02-12 07:09:00,7692867.0
2017-02-13 03:50:00,3241418.25
2017-02-14 00:31:00,11713666.25
2017-02-14 21:12:00,12566723.75
2017-02-15 17:53:00,16181318.5
2017-02-16 14:34:00,14672400.5
2017-02-17 11:15:00,16716334.5
2017-02-18 07:56:00,19133132.5
2017-02-19 04:37:00,10654135
2017-02-20 01:18:00,15156220.5
2017-02-20 21:59:00,25855682
2017-02-21 18:40:00,47780964.5
2017-02-22 15:21:00,51748634
2017-02-23 12:02:00,57785615
2017-02-24 08:43:00,57612507
2017-02-25 05:24:00,42387176
2017-02-26 02:05:00,23569230.666666668
2017-02-26 22:46:00,9219698.0
2017-02-27 19:27:00,29632359.5
2017-02-28 16:08:00,35342762.5
2017-03-01 12:49:00,44223075.5
2017-03-02 09:30:00,42841031.5
2017-03-03 06:11:00,63653548
2017-03-04 02:52:00,56706793
2017-03-04 23:33:00,65149264
2017-03-05 20:14:00,51164937.5
2017-03-06 16:55:00,59537975.5
2017-03-07 13:36:00,58661108
2017-03-08 10:17:00,54336776.5
2017-03-09 06:58:00,53847833.5
2017-03-10 03:39:00,46853963
2017-03-11 00:20:00,52276824.5
2017-03-11 21:01:00,58311408.5
2017-03-12 17:42:00,31328357.5
2017-03-13 14:23:00,22462070.5
2017-03-14 11:04:00,21231649.5
2017-03-15 07:45:00,26426925
2017-03-16 04:26:00,27050216.5
2017-03-17 01:07:00,27460246.5
2017-03-17 21:48:00,28270145
2017-03-18 18:29:00,17377793
2017-03-19 15:10:00,4598702.0
2017-03-20 11:51:00,4432872.0
2017-03-21 08:32:00,10211469.5
2017-03-22 05:13:00,10574179
2017-03-23 01:54:00,4190470.5
2017-03-23 22:35:00,9310821.5
2017-03-24 19:16:00,2704829.5
2017-03-25 15:57:00,8704833.0
2017-03-26 12:38:00,1085370.5
2017-03-27 09:19:00,6349994.0
2017-03-28 06:00:00,9773444.5
2017-03-29 02:41:00,14878444
2017-03-29 23:22:00,17381512
2017-03-30 20:03:00,3915403.5
2017-03-31 16:44:00,11593958
2017-04-01 13:25:00,14477903.5
2017-04-02 10:06:00,693617.0
2017-04-03 06:47:00,1784116.0
2017-04-04 03:28:00,9288899.5
2017-04-05 00:09:00,25084246.5
2017-04-05 20:50:00,13392311
2017-04-06 17:31:00,14320822
2017-04-07 14:12:00,19303571.5
2017-04-08 10:53:00,25830327
2017-04-09 07:34:00,1371057.5
2017-04-10 04:15:00,327214.0
2017-04-11 00:56:00,14243189.5
2017-04-11 21:37:00,16459070.5
2017-04-12 18:18:00,19597031.333333332
2017-04-13 14:59:00,26414235.5
2017-04-14 11:40:00,42030768.5
2017-04-15 08:21:00,22771163
2017-04-16 05:02:00,6299293.0
2017-04-17 01:43:00,3229648.5
2017-04-17 22:24:00,14567260.5
2017-04-18 19:05:00,20597071
2017-04-19 15:46:00,19849456.5
2017-04-20 12:27:00,21966539.5
2017-04-21 09:08:00,18824323
2017-04-22 05:49:00,14107522
2017-04-23 02:30:00,22569860.5
2017-04-23 23:11:00,8789418.0
2017-04-24 19:52:00,28112907
2017-04-25 16:33:00,31337475
2017-04-26 13:14:00,26163174.5
2017-04-27 09:55:00,27807179
2017-04-28 06:36:00,36809029
2017-04-29 03:17:00,36730450
2017-04-29 23:58:00,19369981
2017-04-30 20:39:00,11113697
2017-05-01 17:20:00,21497787.5
2017-05-02 14:01:00,30928834
2017-05-03 10:42:00,39945423.5
2017-05-04 07:23:00,55347373
2017-05-05 04:04:00,67835905
2017-05-06 00:45:00,92082759
2017-05-06 21:26:00,66298074
2017-05-07 18:07:00,53724626
2017-05-08 14:48:00,44486135
2017-05-09 11:29:00,54904709
2017-05-10 08:10:00,77052322.5
2017-05-11 04:51:00,96855776.5
2017-05-12 01:32:00,105338368.2
2017-05-12 22:13:00,100218430
2017-05-13 18:54:00,102161757
2017-05-14 15:35:00,84346139
2017-05-15 12:16:00,84206473.5
2017-05-16 08:57:00,112541321.5
2017-05-17 05:38:00,95602615.5
2017-05-18 02:19:00,125653380
2017-05-18 23:00:00,91082204
2017-05-19 19:41:00,109044611.8
2017-05-20 16:22:00,99937949
2017-05-21 13:03:00,105548887
2017-05-22 09:44:00,105511093
2017-05-23 06:25:00,103000012.5
2017-05-24 03:06:00,102056469
2017-05-24 23:47:00,104930623
2017-05-25 20:28:00,63453465.5
2017-05-26 17:09:00,107148420.5
2017-05-27 13:50:00,113680540
2017-05-28 10:31:00,101807151
2017-05-29 07:12:00,89936405.5
2017-05-30 03:53:00,91392551.5
2017-05-31 00:34:00,104516745.5
2017-05-31 21:15:00,101948474
2017-06-01 17:56:00,101578571.5
2017-06-02 14:37:00,100411055
2017-06-03 11:18:00,85893637
2017-06-04 07:59:00,90653541
2017-06-05 04:40:00,69133178.5
2017-06-06 01:21:00,69457864
2017-06-06 22:02:00,78777230
2017-06-07 18:43:00,65771449
2017-06-08 15:24:00,57208032
2017-06-09 12:05:00,52619232
2017-06-10 08:46:00,53133789
2017-06-11 05:27:00,52317839
2017-06-12 02:08:00,39243220.5
2017-06-12 22:49:00,50634640
2017-06-13 19:30:00,58991469.5
2017-06-14 16:11:00,63786493.5
2017-06-15 12:52:00,57733671
2017-06-16 09:33:00,44068570
2017-06-17 06:14:00,43628361
2017-06-18 02:55:00,28154007
2017-06-18 23:36:00,16191267
2017-06-19 20:17:00,11845312
2017-06-20 16:58:00,19548451.5
2017-06-21 13:39:00,28867977.5
2017-06-22 10:20:00,30310083
2017-06-23 07:01:00,17789846.5
2017-06-24 03:42:00,13667766
2017-06-25 00:23:00,13983169
2017-06-25 21:04:00,14807522
2017-06-26 17:45:00,16183226.5
2017-06-27 14:26:00,18757985
2017-06-28 11:07:00,12718914
2017-06-29 07:48:00,15990215.5
2017-06-30 04:29:00,25692674.5
2017-07-01 01:10:00,10437777
2017-07-01 21:51:00,6689067.0
2017-07-02 18:32:00,2981073.0
2017-07-03 15:13:00,3030069.5
2017-07-04 11:54:00,8963720.0
2017-07-05 08:35:00,6942933.0
2017-07-06 05:16:00,26300642.5
2017-07-07 01:57:00,23891878.5
2017-07-07 22:38:00,16949092
2017-07-08 19:19:00,7971401.0
2017-07-09 16:00:00,7594220.5
2017-07-10 12:41:00,1653474.5
2017-07-11 09:22:00,19070685.5
2017-07-12 06:03:00,13360386.5
2017-07-13 02:44:00,35071530.5
2017-07-13 23:25:00,31060475.5
2017-07-14 20:06:00,38267276.5
2017-07-15 16:47:00,37057456.5
2017-07-16 13:28:00,27957108
2017-07-17 10:09:00,27427752.5
2017-07-18 06:50:00,24066690
2017-07-19 03:31:00,38282203
2017-07-20 00:12:00,29476250
2017-07-20 20:53:00,40621351
2017-07-21 17:34:00,33550512.5
2017-07-22 14:15:00,24765771.5
2017-07-23 10:56:00,1599762.5
2017-07-24 07:37:00,30291615
2017-07-25 04:18:00,7400591.0
2017-07-26 00:59:00,28949346.5
2017-07-26 21:40:00,20171960
2017-07-27 18:21:00,10413098
2017-07-28 15:02:00,2536901.0
2017-07-29 11:43:00,143124.0
2017-07-30 08:24:00,574407.5
2017-07-31 05:05:00,1146345.0
2017-08-01 01:46:00,551856.5
2017-08-01 22:27:00,10700757
2017-08-02 19:08:00,12459691.5
2017-08-03 15:49:00,6591856.5
2017-08-04 12:30:00,14334934
2017-08-05 09:11:00,13953651.5
2017-08-06 05:52:00,603661.0
2017-08-07 02:33:00,11887412.5
2017-08-07 23:14:00,43964742.5
2017-08-08 19:55:00,41469490.5
2017-08-09 16:36:00,40854240.5
2017-08-10 13:17:00,43951819.5
2017-08-11 09:58:00,55637054.5
2017-08-12 06:39:00,6908662.0
2017-08-13 03:20:00,12777580.5
2017-08-14 00:01:00,26468359.5
2017-08-14 20:42:00,50626085.5
2017-08-15 17:23:00,47055313
2017-08-16 14:04:00,58997269.5
2017-08-17 10:45:00,47116666.5
2017-08-18 07:26:00,40121416.5
2017-08-19 04:07:00,48476596.5
2017-08-20 00:48:00,46504450.5
2017-08-20 21:29:00,44346866
2017-08-21 18:10:00,66890199
2017-08-22 14:51:00,91260600
2017-08-23 11:32:00,87919096.5
2017-08-24 08:13:00,74541665
2017-08-25 04:54:00,90004694
2017-08-26 01:35:00,102734871
2017-08-26 22:16:00,93787032.5
2017-08-27 18:57:00,63845957
2017-08-28 15:38:00,65561279
2017-08-29 12:19:00,6833868.5
2017-08-30 09:00:00,15840290
2017-08-31 05:41:00,34221034
2017-09-01 02:22:00,31974019.5
2017-09-01 23:03:00,13197460.5
2017-09-02 19:44:00,6030574.5
2017-09-03 16:25:00,4686796.0
2017-09-04 13:06:00,9679925.0
2017-09-05 09:47:00,4180033.0
2017-09-06 06:28:00,4432189.0
2017-09-07 03:09:00,6495782.0
2017-09-07 23:50:00,16085708.5
2017-09-08 20:31:00,9025182.0
2017-09-09 17:12:00,7496383.5
2017-09-10 13:53:00,4098214.5
2017-09-11 10:34:00,4448240.0
2017-09-12 07:15:00,4269981.0
2017-09-13 03:56:00,6684733.0
2017-09-14 00:37:00,4050731.0
2017-09-14 21:18:00,17495124.5
2017-09-15 17:59:00,8893465.5
2017-09-16 14:40:00,4171476.0
2017-09-17 11:21:00,4118856.5
2017-09-18 08:02:00,19187457.5
2017-09-19 04:43:00,11384025.5
2017-09-20 01:24:00,4140784.0
2017-09-20 22:05:00,4981237.0
2017-09-21 18:46:00,5688143.5
2017-09-22 15:27:00,7595730.0
2017-09-23 12:08:00,6837320.5
2017-09-24 08:49:00,4696499.0
2017-09-25 05:30:00,4002532.0
2017-09-26 02:11:00,10317808.5
2017-09-26 22:52:00,6492386.5
2017-09-27 19:33:00,12346836
2017-09-28 16:14:00,8955678.0
2017-09-29 12:55:00,4157969.0
2017-09-30 09:36:00,3861645.5
2017-10-01 06:17:00,7858843.5
2017-10-02 02:58:00,16031648.5
2017-10-02 23:39:00,26781106
2017-10-03 20:20:00,11329407
2017-10-04 17:01:00,12513515.5
2017-10-05 13:42:00,10638595.5
2017-10-06 10:23:00,8545802.0
2017-10-07 07:04:00,6095787.5
2017-10-08 03:45:00,4324047.5
2017-10-09 00:26:00,4530670.0
2017-10-09 21:07:00,19194104
2017-10-10 17:48:00,14576526
2017-10-11 14:29:00,19001874.5
2017-10-12 11:10:00,8172113.5
2017-10-13 07:51:00,39535320.5
2017-10-14 04:32:00,36209378
2017-10-15 01:13:00,12274932
2017-10-15 21:54:00,5393438.5
2017-10-16 18:35:00,19115126
2017-10-17 15:16:00,7720325.0
2017-10-18 11:57:00,12654897.5
2017-10-19 08:38:00,21158077.5
2017-10-20 05:19:00,16746932.5
2017-10-21 02:00:00,37970336
2017-10-21 22:41:00,52143810.5
2017-10-22 19:22:00,15615193.5
2017-10-23 16:03:00,45153184
2017-10-24 12:44:00,41736902
2017-10-25 09:25:00,14639447.5
2017-10-26 06:06:00,970.0
2017-10-27 02:47:00,23018923.5
2017-10-27 23:28:00,35554814
2017-10-28 20:09:00,47109146.5
2017-10-29 16:50:00,19076651
2017-10-30 13:31:00,22926971.5
2017-10-31 10:12:00,18499637.5
2017-11-01 06:53:00,38372834.5
2017-11-02 03:34:00,40725464
2017-11-03 00:15:00,48547524
2017-11-03 20:56:00,66913594.5
2017-11-04 17:37:00,60063968
2017-11-05 14:18:00,41102892.5
2017-11-06 10:59:00,36379042.5
2017-11-07 07:40:00,55389478.5
2017-11-08 04:21:00,41585058.5
2017-11-09 01:02:00,67222152
2017-11-09 21:43:00,66382662
2017-11-10 18:24:00,85257481.5
2017-11-11 15:05:00,105479380
2017-11-12 11:46:00,98808880.5
2017-11-13 08:27:00,85442241
2017-11-14 05:08:00,104808327
2017-11-15 01:49:00,105201357.5
2017-11-15 22:30:00,100425461.5
2017-11-16 19:11:00,101725631.5
2017-11-17 15:52:00,89528241
2017-11-18 12:33:00,92822295
2017-11-19 09:14:00,64401745.5
2017-11-20 05:55:00,59959120
2017-11-21 02:36:00,57307257
2017-11-21 23:17:00,71237839.5
2017-11-22 19:58:00,73833786.5
2017-11-23 16:39:00,69146231
2017-11-24 13:20:00,66943406.5
2017-11-25 10:01:00,58795125
2017-11-26 06:42:00,53846586
2017-11-27 03:23:00,62754372
2017-11-28 00:04:00,68225858.5
2017-11-28 20:45:00,91666562.5
2017-11-29 17:26:00,101802783
2017-11-30 14:07:00,97447780
2017-12-01 10:48:00,92474357.5
2017-12-02 07:29:00,82505919.5
2017-12-03 04:10:00,82761065.5
2017-12-04 00:51:00,75511336
2017-12-04 21:32:00,88451518.5
2017-12-05 18:13:00,85961724
2017-12-06 14:54:00,101621401.5
2017-12-07 11:35:00,106403800
2017-12-08 08:16:00,85014524.5
2017-12-09 04:57:00,75899589.5
2017-12-10 01:38:00,65926463.666666664
2017-12-10 22:19:00,96971640
2017-12-11 19:00:00,124194160
2017-12-12 15:41:00,118181202.5
2017-12-13 12:22:00,112760455.5
2017-12-14 09:03:00,115123599
2017-12-15 05:44:00,109228927
2017-12-16 02:25:00,105009097.5
2017-12-16 23:06:00,102184426.5
2017-12-17 19:47:00,114123174.66666667
2017-12-18 16:28:00,109504047
2017-12-19 13:09:00,105382782.5
2017-12-20 09:50:00,103015491
2017-12-21 06:31:00,109369449.5
2017-12-22 03:12:00,101903519.5
2017-12-22 23:53:00,111341003.5
2017-12-23 20:34:00,116432704
2017-12-24 17:15:00,114267007
2017-12-25 13:56:00,124130260
2017-12-26 10:37:00,113016777
2017-12-27 07:18:00,114107743
2017-12-28 03:59:00,113039493
2017-12-29 00:40:00,110161141.5
2017-12-29 21:21:00,110816772.5
2017-12-30 18:02:00,112607818
2017-12-31 14:43:00,114761742
2018-01-01 11:24:00,115234509.5
2018-01-02 08:05:00,118554663.5
2018-01-03 04:46:00,119107707.5
2018-01-04 01:27:00,117185179.5
2018-01-04 22:08:00,116090857.5
2018-01-05 18:49:00,106175155
2018-01-06 15:30:00,107418737
2018-01-07 12:11:00,105144033.5
2018-01-08 08:52:00,109541729
2018-01-09 05:33:00,132419126.5
2018-01-10 02:14:00,130975480.5
2018-01-10 22:55:00,135514292
2018-01-11 19:36:00,137417661.5
2018-01-12 16:17:00,136628916
2018-01-13 12:58:00,127387257
2018-01-14 09:39:00,117772558
2018-01-15 06:20:00,122006870.5
2018-01-16 03:01:00,19732489
2018-01-16 23:42:00,111449169
2018-01-17 20:23:00,127137557.5
2018-01-18 17:04:00,114992298.5
2018-01-19 13:45:00,111506488
2018-01-20 10:26:00,95399942
2018-01-21 07:07:00,102375446.5
2018-01-22 03:48:00,125982845
2018-01-23 00:33:00,117211728
2018-01-23 21:14:00,135443410.5
2018-01-24 17:55:00,119535650.5
2018-01-25 14:36:00,113183573
2018-01-26 11:17:00,97771755
2018-01-27 07:58:00,74564396
2018-01-28 04:39:00,74786561.5
2018-01-29 01:20:00,57303536
2018-01-29 22:01:00,51075890
2018-01-30 18:42:00,55481743
2018-01-31 15:23:00,47603065
2018-02-01 12:04:00,50063453
2018-02-02 08:45:00,56703282.5
2018-02-03 05:26:00,49395510.5
2018-02-04 02:07:00,41015940
2018-02-04 22:48:00,27683895.5
2018-02-05 19:29:00,14787048.5
2018-02-06 16:10:00,32971530.5
2018-02-07 12:51:00,30916809
2018-02-08 09:32:00,20701593.5
2018-02-09 06:13:00,25230529.5
2018-02-10 02:54:00,33282585.5
2018-02-10 23:35:00,23762527.5
2018-02-11 20:16:00,28212102.5
2018-02-12 16:57:00,24554006
2018-02-13 13:38:00,29338020.5
2018-02-14 10:19:00,0.0
2018-02-15 07:00:00,9894027.0
2018-02-16 03:41:00,3822166.0
2018-02-17 00:22:00,25526952.5
2018-02-17 21:03:00,38176136.5
2018-02-18 17:44:00,37703275.5
2018-02-19 14:25:00,28545885
2018-02-20 11:06:00,15343805
2018-02-21 07:47:00,7633633.5
2018-02-22 04:28:00,6100142.0
2018-02-23 01:09:00,1794961.5
2018-02-23 21:50:00,26535210.5
2018-02-24 18:31:00,64503075
2018-02-25 15:12:00,641100.0
2018-02-26 11:53:00,27850664.5
2018-02-27 08:34:00,78281551.5
2018-02-28 05:15:00,28455930
2018-03-01 01:56:00,46637993
2018-03-01 22:37:00,7717021.0
2018-03-02 19:18:00,12198773
2018-03-03 15:59:00,31459657.5
2018-03-04 12:40:00,29754501
2018-03-05 09:21:00,27801055.5
2018-03-06 06:02:00,26021704
2018-03-07 02:43:00,25155602.5
2018-03-07 23:24:00,22816063.5
2018-03-08 20:05:00,18410968
2018-03-09 16:46:00,18124893
2018-03-10 13:27:00,13988467.5
2018-03-11 10:08:00,10397390
2018-03-12 06:49:00,2283595.0
2018-03-13 03:30:00,476551.5
2018-03-14 00:11:00,1497664.0
2018-03-14 20:52:00,404239.0
2018-03-15 17:33:00,1165651.5
2018-03-16 14:14:00,634650.5
2018-03-17 10:55:00,96582.5
2018-03-18 07:36:00,443202.0
2018-03-19 04:17:00,125728.0
2018-03-20 00:58:00,434476.5
2018-03-20 21:39:00,710676.0
2018-03-21 18:20:00,1285336.5
2018-03-22 15:01:00,337313.5
2018-03-23 11:42:00,7777981.5
2018-03-24 08:23:00,266403.5
2018-03-25 05:04:00,814166.5
2018-03-26 01:45:00,692958.0
2018-03-26 22:26:00,278495.0
2018-03-27 19:07:00,302641.5
2018-03-28 15:48:00,2279802.5
2018-03-29 12:29:00,1485821.5
2018-03-30 09:10:00,214824.5
2018-03-31 05:51:00,473497.0
2018-04-01 02:32:00,163741.5
2018-04-01 23:13:00,22617.5
2018-04-02 19:54:00,1092487.5
2018-04-03 16:35:00,1417466.0
2018-04-04 13:16:00,1288658.5
2018-04-05 09:57:00,1086753.0
2018-04-06 06:38:00,258342.0
2018-04-07 03:19:00,307551.5
2018-04-08 00:00:00,299995.5
2018-04-08 20:41:00,279885.0
2018-04-09 17:22:00,4146858.5
2018-04-10 14:03:00,1187023.5
2018-04-11 10:44:00,827247.5
2018-04-12 07:25:00,1404987.5
2018-04-13 04:06:00,263684.5
2018-04-14 00:47:00,22964.0
2018-04-14 21:28:00,30089793.5
2018-04-15 18:09:00,421901.0
2018-04-16 14:50:00,6825961.5
2018-04-17 11:31:00,4034426.5
2018-04-18 08:12:00,112561.0
2018-04-19 04:53:00,532497.0
2018-04-20 01:34:00,690241.5
2018-04-20 22:15:00,5073732.0
2018-04-21 18:56:00,165521.0
2018-04-22 15:37:00,94946.5
2018-04-23 12:18:00,1339140.0
2018-04-24 08:59:00,2055291.0
2018-04-25 05:40:00,992295.5
2018-04-26 02:21:00,3141920.0
2018-04-26 23:02:00,381651.5
2018-04-27 19:43:00,424103.5
2018-04-28 16:24:00,460606.0
2018-04-29 13:05:00,1367491.5
2018-04-30 09:46:00,647911.0
2018-05-01 06:27:00,169067.5
2018-05-02 03:08:00,406946.5
2018-05-02 23:49:00,630609.5
2018-05-03 20:30:00,10619780.5
2018-05-04 17:11:00,2865209.5
2018-05-05 13:52:00,587832.5
2018-05-06 10:33:00,1390078.0
2018-05-07 07:14:00,1142970.5
2018-05-08 03:55:00,2537675.0
2018-05-09 00:36:00,1181142.5
2018-05-09 21:17:00,219619.5
2018-05-10 17:58:00,1414193.5
2018-05-11 14:39:00,15574051
2018-05-12 11:20:00,149484.0
2018-05-13 08:01:00,1102774.5
2018-05-14 04:42:00,2651491.5
2018-05-15 01:23:00,138129.0
2018-05-15 22:04:00,718145.5
2018-05-16 18:45:00,559773.0
2018-05-17 15:26:00,3329322.0
2018-05-18 12:07:00,3544215.0
2018-05-19 08:48:00,553511.5
2018-05-20 05:29:00,158753.5
2018-05-21 02:10:00,1361375.0
2018-05-21 22:51:00,23946.0
2018-05-22 19:32:00,528718.0
2018-05-23 16:13:00,1695384.5
2018-05-24 12:54:00,2373718.5
2018-05-25 09:35:00,3730022.0
2018-05-26 06:16:00,40043.5
2018-05-27 02:57:00,68786.0
2018-05-27 23:38:00,20695.0
2018-05-28 20:19:00,4137748.0
2018-05-29 17:00:00,6304613.0
2018-05-30 13:41:00,3634252.0
2018-05-31 10:22:00,242263.0
2018-06-01 07:03:00,277243.0
2018-06-02 03:44:00,272529.0
2018-06-03 00:25:00,245495.5
2018-06-03 21:06:00,25414313.5
2018-06-04 17:47:00,21523535.5
2018-06-05 14:28:00,8808505.0
2018-06-06 11:09:00,13002228
2018-06-07 07:50:00,48044855.5
2018-06-08 04:31:00,14186437
2018-06-09 01:12:00,595801.0
2018-06-09 21:53:00,862618.5
2018-06-10 18:34:00,4028788.5
2018-06-11 15:15:00,6733259.0
2018-06-12 11:56:00,19642195.5
2018-06-13 08:37:00,432588.0
2018-06-14 05:18:00,270459.0
2018-06-15 01:59:00,1512744.0
2018-06-15 22:40:00,114379.5
2018-06-16 19:21:00,462356.0
2018-06-17 16:02:00,331693.5
2018-06-18 12:43:00,1918394.5
2018-06-19 09:24:00,206482.5
2018-06-20 06:05:00,2687563.5
2018-06-21 02:46:00,584297.0
2018-06-21 23:27:00,360725.5
2018-06-22 20:08:00,900534.0
2018-06-23 16:49:00,687091.5
2018-06-24 13:30:00,66960.5
2018-06-25 10:11:00,4045149.0
2018-06-26 06:52:00,7383724.0
2018-06-27 03:33:00,7070308.5
2018-06-28 00:14:00,9256465.5
2018-06-28 20:55:00,2645664.5
2018-06-29 17:36:00,1637073.0
2018-06-30 14:17:00,6768361.0
2018-07-01 10:58:00,66836.0
2018-07-02 07:39:00,1174113.0
2018-07-03 04:20:00,16702648
2018-07-04 01:01:00,17223734.5
2018-07-04 21:42:00,1699583.0
2018-07-05 18:23:00,1103499.0
2018-07-06 15:04:00,1111892.5
2018-07-07 11:45:00,131562.5
2018-07-08 08:26:00,228583.0
2018-07-09 05:07:00,6012186.0
2018-07-10 01:48:00,11378714
2018-07-10 22:29:00,1206733.5
2018-07-11 19:10:00,14120412.5
2018-07-12 15:51:00,42147093.5
2018-07-13 12:32:00,43830511
2018-07-14 09:13:00,45962516
2018-07-15 05:54:00,2123973.0
2018-07-16 02:35:00,458795.0
2018-07-16 23:16:00,1967456.0
2018-07-17 19:57:00,9839695.5
2018-07-18 16:38:00,18606419
2018-07-19 13:19:00,4462542.5
2018-07-20 10:00:00,2682291.5
2018-07-21 06:41:00,148598.0
2018-07-22 03:22:00,152052.5
2018-07-23 00:03:00,128539.5
2018-07-23 20:44:00,3418766.0
2018-07-24 17:25:00,1226537.0
2018-07-25 14:06:00,9880277.0
2018-07-26 10:47:00,787040.0
2018-07-27 07:28:00,2083713.5
2018-07-28 04:09:00,201886.5
2018-07-29 00:50:00,244219.0
2018-07-29 21:31:00,289293.5
2018-07-30 18:12:00,2664584.5
2018-07-31 14:53:00,7245939.5
2018-08-01 11:34:00,3658504.5
2018-08-02 08:15:00,1660690.5
2018-08-03 04:56:00,372625.0
2018-08-04 01:37:00,502607.0
2018-08-04 22:18:00,356139.5
2018-08-05 18:59:00,529806.5
2018-08-06 15:40:00,15049055
2018-08-07 12:21:00,11434043.5
2018-08-08 09:02:00,1233379.0
2018-08-09 05:43:00,687118.0
2018-08-10 02:24:00,319401.5
2018-08-10 23:05:00,369943.0
2018-08-11 19:46:00,559869.0
2018-08-12 16:27:00,1268518.0
2018-08-13 13:08:00,3615934.0
2018-08-14 09:49:00,3327191.5
2018-08-15 06:30:00,952901.5
2018-08-16 03:11:00,591785.5
2018-08-16 23:52:00,70755.0
2018-08-17 20:33:00,353149.5
2018-08-18 17:14:00,674746.5
2018-08-19 13:55:00,300728.0
2018-08-20 10:36:00,1071365.0
2018-08-21 07:17:00,874422.0
2018-08-22 03:58:00,397923.0
2018-08-23 00:39:00,174271.0
2018-08-23 21:20:00,182435.5
2018-08-24 18:01:00,1124374.0
2018-08-25 14:42:00,219607.5
2018-08-26 11:23:00,215943.5
2018-08-27 08:04:00,4377342.0
2018-08-28 04:45:00,250348.0
2018-08-29 01:26:00,1585019.0
2018-08-29 22:07:00,1221847.5
2018-08-30 18:48:00,6213276.0
2018-08-31 15:29:00,4718532.5
2018-09-01 12:10:00,1639980.0
2018-09-02 08:51:00,2403334.5
2018-09-03 05:32:00,773539.0
2018-09-04 02:13:00,236757.0
2018-09-04 22:54:00,1755160.0
2018-09-05 19:35:00,11925121.5
2018-09-06 16:16:00,6603249.5
2018-09-07 12:57:00,4773919.0
2018-09-08 09:38:00,845781.5
2018-09-09 06:19:00,202165.5
2018-09-10 03:00:00,615981.0
2018-09-10 23:41:00,7283271.5
2018-09-11 20:22:00,11650537.5
2018-09-12 17:03:00,1659871.5
2018-09-13 13:44:00,3029339.0
2018-09-14 10:25:00,3023954.0
2018-09-15 07:06:00,89443.0
2018-09-16 03:47:00,589539.5
2018-09-17 00:28:00,1370853.0
2018-09-17 21:09:00,1031212.0
2018-09-18 17:50:00,2274440.0
2018-09-19 14:31:00,567784.0
2018-09-20 11:12:00,380265.5
2018-09-21 07:53:00,867484.0
2018-09-22 04:34:00,578256.5
2018-09-23 01:15:00,59266.0
2018-09-23 21:56:00,93815.5
2018-09-24 18:37:00,3172030.5
2018-09-25 15:18:00,9062754.0
2018-09-26 11:59:00,1646349.5
2018-09-27 08:40:00,1846914.0
2018-09-28 05:21:00,273009.5
2018-09-29 02:02:00,1421268.0
2018-09-29 22:43:00,245196.5
2018-09-30 19:24:00,713652.5
2018-10-01 16:05:00,5800659.0
2018-10-02 12:46:00,5746942.0
2018-10-03 09:27:00,1453957.0
2018-10-04 06:08:00,919355.5
2018-10-05 02:49:00,251110.0
2018-10-05 23:30:00,5138911.0
2018-10-06 20:11:00,1496061.0
2018-10-07 16:52:00,4541666.5
2018-10-08 13:33:00,6066599.0
2018-10-09 10:14:00,3914380.5
2018-10-10 06:55:00,453346.0
2018-10-11 03:36:00,1270664.0
2018-10-12 00:17:00,93121.0
2018-10-12 20:58:00,6312458.0
2018-10-13 17:39:00,523183.0
2018-10-14 14:20:00,5008018.5
2018-10-15 11:01:00,4220462.0
2018-10-16 07:42:00,1749923.0
2018-10-17 04:23:00,1009427.0
2018-10-18 01:04:00,156013.5
2018-10-18 21:45:00,2713704.0
2018-10-19 18:26:00,5587783.0
2018-10-20 15:07:00,2175500.5
2018-10-21 11:48:00,430320.5
2018-10-22 08:29:00,86007.5
2018-10-23 05:10:00,2509058.0
2018-10-24 01:51:00,2286630.0
2018-10-24 22:32:00,5001147.0
2018-10-25 19:13:00,1850963.5
2018-10-26 15:54:00,5310751.0
2018-10-27 12:35:00,1374797.5
2018-10-28 09:16:00,3048720.0
2018-10-29 05:57:00,1261745.5
2018-10-30 02:38:00,1985751.5
2018-10-30 23:19:00,325588.0
2018-10-31 20:00:00,262340.5
2018-11-01 16:41:00,405746.0
2018-11-02 13:22:00,12897396
2018-11-03 10:03:00,296949.5
2018-11-04 06:44:00,1970339.0
2018-11-05 03:25:00,336409.0
2018-11-06 00:06:00,591374.5
2018-11-06 20:47:00,14772873
2018-11-07 17:28:00,9072056.5
2018-11-08 14:09:00,9510743.0
2018-11-09 10:50:00,5004970.5
2018-11-10 07:31:00,194875.0
2018-11-11 04:12:00,1216017.0
2018-11-12 00:53:00,1870085.0
2018-11-12 21:34:00,3895147.5
2018-11-13 18:15:00,4647326.5
2018-11-14 14:56:00,11249694
2018-11-15 11:37:00,3060472.0
2018-11-16 08:18:00,1864012.0
2018-11-17 04:59:00,1016463.0
2018-11-18 01:40:00,52650.0
2018-11-18 22:21:00,3800889.5
2018-11-19 19:02:00,21690693.5
2018-11-20 15:43:00,31264256
2018-11-21 12:24:00,20895449.5
2018-11-22 09:05:00,7508079.0
2018-11-23 05:46:00,1563173.0
2018-11-24 02:27:00,1980033.5
2018-11-24 23:08:00,3157301.5
2018-11-25 19:49:00,7614854.5
2018-11-26 16:30:00,8302818.5
2018-11-27 13:11:00,7199107.5
2018-11-28 09:52:00,2801783.5
2018-11-29 06:33:00,12257730.5
2018-11-30 03:14:00,5796510.0
2018-11-30 23:55:00,8570064.5
2018-12-01 20:36:00,3973723.0
2018-12-02 17:17:00,1762186.5
2018-12-03 13:58:00,13445870.333333334
2018-12-04 10:39:00,4234992.5
2018-12-05 07:20:00,2478007.5
2018-12-06 04:01:00,1234183.0
2018-12-07 00:42:00,2001670.0
2018-12-07 21:23:00,3229059.5
2018-12-08 18:04:00,2630262.0
2018-12-09 14:45:00,3119379.0
2018-12-10 11:26:00,3749286.0
2018-12-11 08:07:00,1016407.0
2018-12-12 04:48:00,2485324.0
2018-12-13 01:29:00,1276256.5
2018-12-13 22:10:00,324512.0
2018-12-14 18:51:00,4533309.0
2018-12-15 15:32:00,2084022.0
2018-12-16 12:13:00,284352.0
2018-12-17 08:54:00,1884190.5
2018-12-18 05:35:00,1881648.5
2018-12-19 02:16:00,1593815.5
2018-12-19 22:57:00,415327.0
2018-12-20 19:38:00,5441118.5
2018-12-21 16:19:00,5780979.0
2018-12-22 13:00:00,1146407.0
2018-12-23 09:41:00,1726127.5
2018-12-24 06:22:00,3131443.0
2018-12-25 03:03:00,1052632.0
2018-12-25 23:44:00,838789.5
2018-12-26 20:25:00,1660288.5
2018-12-27 17:06:00,4606007.5
2018-12-28 13:47:00,3626401.5
2018-12-29 10:28:00,657035.5
2018-12-30 07:09:00,753677.5
2018-12-31 03:50:00,819305.0
2019-01-01 00:31:00,1679856.5
2019-01-01 21:12:00,576599.5
2019-01-02 17:53:00,2743794.0
2019-01-03 14:34:00,5117239.5
2019-01-04 11:15:00,5798912.5
2019-01-05 07:56:00,633781.0
2019-01-06 04:37:00,639877.0
2019-01-07 01:18:00,1622215.5
2019-01-07 21:59:00,904035.5
2019-01-08 18:40:00,3326063.5
2019-01-09 15:21:00,6993423.0
2019-01-10 12:02:00,1835753.5
2019-01-11 08:43:00,974982.0
2019-01-12 05:24:00,1917355.5
2019-01-13 02:05:00,641688.0
2019-01-13 22:46:00,352119.5
2019-01-14 19:27:00,1044022.0
2019-01-15 16:08:00,6119900.0
2019-01-16 12:49:00,1987087.0
2019-01-17 09:30:00,1781162.0
2019-01-18 06:11:00,2986052.0
2019-01-19 02:52:00,1672332.5
2019-01-19 23:33:00,296108.0
2019-01-20 20:14:00,118228.0
2019-01-21 16:55:00,2801158.0
2019-01-22 13:36:00,6567510.5
2019-01-23 10:17:00,165494.5
2019-01-24 06:58:00,1626812.5
2019-01-25 03:39:00,1426279.5
2019-01-26 00:20:00,854005.5
2019-01-26 21:01:00,788746.5
2019-01-27 17:42:00,228972.0
2019-01-28 14:23:00,9547608.0
2019-01-29 11:04:00,2178085.0
2019-01-30 07:45:00,2482175.5
2019-01-31 04:26:00,1767480.5
2019-02-01 01:07:00,3619751.5
2019-02-01 21:48:00,2155870.0
2019-02-02 18:29:00,204379.5
2019-02-03 15:10:00,1800723.5
2019-02-04 11:51:00,283888.0
2019-02-05 08:32:00,1068776.5
2019-02-06 05:13:00,1331447.5
2019-02-07 01:54:00,226030.0
2019-02-07 22:35:00,1311870.0
2019-02-08 19:16:00,6400654.0
2019-02-09 15:57:00,3143356.0
2019-02-10 12:38:00,1044375.5
2019-02-11 09:19:00,467280.0
2019-02-12 06:00:00,17278154.5
2019-02-13 02:41:00,15529254.5
2019-02-13 23:22:00,241769.5
2019-02-14 20:03:00,3278819.5
2019-02-15 16:44:00,18294053
2019-02-16 13:25:00,3136167.5
2019-02-17 10:06:00,4144261.5
2019-02-18 06:47:00,2144122.5
2019-02-19 03:28:00,335639.5
2019-02-20 00:09:00,3764112.5
2019-02-20 20:50:00,2202397.0
2019-02-21 17:31:00,10360524
2019-02-22 14:12:00,11937421
2019-02-23 10:53:00,3551477.0
2019-02-24 07:34:00,1140915.5
2019-02-25 04:15:00,729078.5
2019-02-26 00:56:00,3939877.5
2019-02-26 21:37:00,1007450.0
2019-02-27 18:18:00,6160034.5
2019-02-28 14:59:00,9591160.5
2019-03-01 11:40:00,5798843.5
2019-03-02 08:21:00,1769522.0
2019-03-03 05:02:00,417815.0
2019-03-04 01:43:00,1129083.0
2019-03-04 22:24:00,6407614.0
2019-03-05 19:05:00,3001762.5
2019-03-06 15:46:00,11363681
2019-03-07 12:27:00,5257394.0
2019-03-08 09:08:00,526821.0
2019-03-09 05:49:00,1264764.0
2019-03-10 02:30:00,496080.5
2019-03-10 23:11:00,5457641.5
2019-03-11 19:52:00,3422147.0
2019-03-12 16:33:00,7362962.5
2019-03-13 13:14:00,5135425.0
2019-03-14 09:55:00,1711433.0
2019-03-15 06:36:00,439390.0
2019-03-16 03:17:00,1274602.5
2019-03-16 23:58:00,437164.0
2019-03-17 20:39:00,1360847.0
2019-03-18 17:20:00,385641.0
2019-03-19 14:01:00,580689.0
2019-03-20 10:42:00,2106294.0
2019-03-21 07:23:00,3610825.0
2019-03-22 04:04:00,145594.5
2019-03-23 00:45:00,1351320.0
2019-03-23 21:26:00,348272.5
2019-03-24 18:07:00,1417733.0
2019-03-25 14:48:00,4926875.0
2019-03-26 11:29:00,4909801.0
2019-03-27 08:10:00,6028050.0
2019-03-28 04:51:00,12749889.5
2019-03-29 01:32:00,18614183.5
2019-03-29 22:13:00,27461892
2019-03-30 18:54:00,20603865
2019-03-31 15:35:00,15070554.5
2019-04-01 12:16:00,21912276.5
2019-04-02 08:57:00,23939107
2019-04-03 05:38:00,32077790
2019-04-04 02:19:00,44079847.5
2019-04-04 23:00:00,37822297
2019-04-05 19:41:00,17824162.5
2019-04-06 16:22:00,8667363.0
2019-04-07 13:03:00,4875865.5
2019-04-08 09:44:00,10213220.5
2019-04-09 06:25:00,5240230.5
2019-04-10 03:06:00,5907410.5
2019-04-10 23:47:00,4894865.0
2019-04-11 20:28:00,4371941.0
2019-04-12 17:09:00,3653362.0
2019-04-13 13:50:00,3868839.5
2019-04-14 10:31:00,1533506.0
2019-04-15 07:12:00,3023013.5
2019-04-16 03:53:00,6343137.0
2019-04-17 00:34:00,7480354.0
2019-04-17 21:15:00,14432432.5
2019-04-18 17:56:00,18063599.5
2019-04-19 14:37:00,12866957.5
2019-04-20 11:18:00,7785714.0
2019-04-21 07:59:00,143431.5
2019-04-22 04:40:00,3084953.0
2019-04-23 01:21:00,9570145.5
2019-04-23 22:02:00,30142900.5
2019-04-24 18:43:00,17511645.5
2019-04-25 15:24:00,12823977
2019-04-26 12:05:00,12349873.5
2019-04-27 08:46:00,2457256.5
2019-04-28 05:27:00,1358949.5
2019-04-29 02:08:00,794241.5
2019-04-29 22:49:00,5891972.0
2019-04-30 19:30:00,18893172.5
2019-05-01 16:11:00,2467021.0
2019-05-02 12:52:00,4393553.5
2019-05-03 09:33:00,5161723.0
2019-05-04 06:14:00,1548531.0
2019-05-05 02:55:00,8104303.0
2019-05-05 23:36:00,4310725.5
2019-05-06 20:17:00,13781197.5
2019-05-07 16:58:00,13774356
2019-05-08 13:39:00,10867571
2019-05-09 10:20:00,11330827
2019-05-10 07:01:00,6727175.0
2019-05-11 03:42:00,19404901
2019-05-12 00:23:00,21695588.5
2019-05-12 21:04:00,6957558.0
2019-05-13 17:45:00,8129979.0
2019-05-14 14:26:00,16884592
2019-05-15 11:07:00,22739663
2019-05-16 07:48:00,38865648.5
2019-05-17 04:29:00,38801149
2019-05-18 01:10:00,38693441
2019-05-18 21:51:00,20296097
2019-05-19 18:32:00,4715020.0
2019-05-20 15:13:00,8977795.0
2019-05-21 11:54:00,15939286.5
2019-05-22 08:35:00,8069387.0
2019-05-23 05:16:00,3740149.0
2019-05-24 01:57:00,3237447.0
2019-05-24 22:38:00,10044674
2019-05-25 19:19:00,12699510
2019-05-26 16:00:00,3795316.5
2019-05-27 12:41:00,7149161.0
2019-05-28 09:22:00,6977449.5
2019-05-29 06:03:00,4121999.5
2019-05-30 02:44:00,1009468.0
2019-05-30 23:25:00,9005286.5
2019-05-31 20:06:00,34612771
2019-06-01 16:47:00,17576809.5
2019-06-02 13:28:00,8057822.5
2019-06-03 10:09:00,14196494
2019-06-04 06:50:00,18513470.5
2019-06-05 03:31:00,7685799.5
2019-06-06 00:12:00,1529882.5
2019-06-06 20:53:00,3130239.5
2019-06-07 17:34:00,10730373
2019-06-08 14:15:00,5060483.5
2019-06-09 10:56:00,1712899.0
2019-06-10 07:37:00,2416405.5
2019-06-11 04:18:00,3862402.5
2019-06-12 00:59:00,3683161.0
2019-06-12 21:40:00,10141817.5
2019-06-13 18:21:00,16950735.5
2019-06-14 15:02:00,15601861
2019-06-15 11:43:00,1368274.5
2019-06-16 08:24:00,1272557.0
2019-06-17 05:05:00,11616840
2019-06-18 01:46:00,20521578.5
2019-06-18 22:27:00,12067154.5
2019-06-19 19:08:00,3732110.5
2019-06-20 15:49:00,25074159.5
2019-06-21 12:30:00,22818721.5
2019-06-22 09:11:00,23195835.5
2019-06-23 05:52:00,10722473
2019-06-24 02:33:00,1656859.5
2019-06-24 23:14:00,3056328.5
2019-06-25 19:55:00,20649921
2019-06-26 16:36:00,31328046.5
2019-06-27 13:17:00,51902481
2019-06-28 09:58:00,35944981
2019-06-29 06:40:00,10709626
2019-06-30 03:21:00,1078177.5
2019-07-01 00:02:00,585035.5
2019-07-01 20:43:00,17053787
2019-07-02 17:24:00,21073282
2019-07-03 14:05:00,11357774.5
2019-07-04 10:46:00,5457319.5
2019-07-05 07:27:00,235462.5
2019-07-06 04:08:00,1841347.5
2019-07-07 00:49:00,176332.5
2019-07-07 21:30:00,647675.0
2019-07-08 18:11:00,10672671
2019-07-09 14:52:00,17462408.5
2019-07-10 11:33:00,19570174
2019-07-11 08:18:00,18824214
2019-07-12 05:07:00,15191129.6
2019-07-13 01:48:00,2807069.0
2019-07-13 22:29:00,650106.0
2019-07-14 19:10:00,421487.0
2019-07-15 15:51:00,14611536.333333334
2019-07-16 12:32:00,432872.5
2019-07-17 09:13:00,5790781.0
2019-07-18 05:54:00,33572055
2019-07-19 02:42:00,38552999
2019-07-19 23:33:00,38394729
2019-07-20 20:14:00,90791.0
2019-07-21 16:55:00,4333702.5
2019-07-22 13:36:00,4914863.5
2019-07-23 10:17:00,2514165.0
2019-07-24 06:58:00,1016803.0
2019-07-25 03:39:00,4805310.5
2019-07-26 00:20:00,625049.5
2019-07-26 21:01:00,2153085.5
2019-07-27 17:42:00,772603.5
2019-07-28 14:23:00,1439063.0
2019-07-29 11:04:00,1916849.5
2019-07-30 07:45:00,701522.5
2019-07-31 04:26:00,3234299.0
2019-08-01 01:07:00,2067547.0
2019-08-01 21:48:00,5491713.0
2019-08-02 18:29:00,167950.0
2019-08-03 15:10:00,372517.0
2019-08-04 11:51:00,346546.5
2019-08-05 08:32:00,4011064.5
2019-08-06 05:13:00,170966.5
2019-08-07 01:54:00,2287204.0
2019-08-07 22:35:00,15262860.5
2019-08-08 19:16:00,3742363.5
2019-08-09 15:57:00,9680098.5
2019-08-10 12:38:00,302018.0
2019-08-11 09:19:00,125919.0
2019-08-12 06:00:00,1189961.5
2019-08-13 02:41:00,16106005
2019-08-13 23:22:00,4430689.0
2019-08-14 20:03:00,1562804.5
2019-08-15 16:44:00,6309680.0
2019-08-16 13:25:00,7753571.0
2019-08-17 10:06:00,3860196.5
2019-08-18 06:47:00,1858845.0
2019-08-19 03:28:00,1933340.0
2019-08-20 00:09:00,2373262.0
2019-08-20 20:50:00,8216807.5
2019-08-21 17:31:00,7195062.5
2019-08-22 14:12:00,8278199.5
2019-08-23 10:53:00,1633211.5
2019-08-24 07:34:00,2223115.5
2019-08-25 04:15:00,514419.5
2019-08-26 00:56:00,1610711.5
2019-08-26 21:37:00,6036489.0
2019-08-27 18:18:00,8855885.5
2019-08-28 14:59:00,9200883.5
2019-08-29 11:40:00,2801565.5
2019-08-30 08:21:00,2592026.5
2019-08-31 05:02:00,127559.5
2019-09-01 01:43:00,940976.0
2019-09-01 22:24:00,287056.0
2019-09-02 19:05:00,6123760.5
2019-09-03 15:46:00,5536259.0
2019-09-04 12:27:00,6389176.0
2019-09-05 09:08:00,2101735.5
2019-09-06 05:49:00,284999.0
2019-09-07 02:30:00,3321533.0
2019-09-07 23:11:00,691574.0
2019-09-08 19:52:00,151504.0
2019-09-09 16:33:00,3256969.5
2019-09-10 13:14:00,5207378.5
2019-09-11 09:55:00,1597654.5
2019-09-12 06:36:00,1790809.5
2019-09-13 03:17:00,932136.0
2019-09-13 23:58:00,5759121.0
2019-09-14 20:39:00,853268.0
2019-09-15 17:20:00,464724.5
2019-09-16 14:01:00,17290267.5
2019-09-17 10:42:00,1784319.0
2019-09-18 07:23:00,2324956.5
2019-09-19 04:04:00,1661951.0
2019-09-20 00:45:00,515496.5
2019-09-20 21:26:00,668575.5
2019-09-21 18:07:00,1127004.0
2019-09-22 14:48:00,390267.0
2019-09-23 11:29:00,9457702.0
2019-09-24 08:10:00,1541080.0
2019-09-25 04:51:00,242532.0
2019-09-26 01:32:00,327601.0
2019-09-26 22:13:00,537674.0
2019-09-27 18:54:00,12411129.5
2019-09-28 15:35:00,417097.0
2019-09-29 12:16:00,762138.5
2019-09-30 08:57:00,2051882.0
2019-10-01 05:38:00,1505859.0
2019-10-02 02:19:00,116406.5
2019-10-02 23:00:00,1068680.5
2019-10-03 19:41:00,717922.5
2019-10-04 16:22:00,1902978.5
2019-10-05 13:03:00,649704.0
2019-10-06 09:44:00,2363941.5
2019-10-07 06:25:00,2238586.0
2019-10-08 03:06:00,815936.5
2019-10-08 23:47:00,1267655.0
2019-10-09 20:28:00,12771502
2019-10-10 17:09:00,2589343.0
2019-10-11 13:50:00,1376406.0
2019-10-12 10:31:00,769757.0
2019-10-13 07:12:00,1328158.5
2019-10-14 03:53:00,769923.0
2019-10-15 00:34:00,1000246.5
2019-10-15 21:15:00,1218995.0
2019-10-16 17:56:00,2488149.5
2019-10-17 14:37:00,10433268
2019-10-18 11:18:00,2993809.0
2019-10-19 07:59:00,580859.5
2019-10-20 04:40:00,440118.0
2019-10-21 01:21:00,776423.5
2019-10-21 22:02:00,783749.0
2019-10-22 18:43:00,2164722.5
2019-10-23 15:24:00,3113958.0
2019-10-24 12:05:00,297559.5
2019-10-25 08:46:00,1538687.0
2019-10-26 05:27:00,5408309.0
2019-10-27 02:08:00,1528713.0
2019-10-27 22:49:00,4490149.5
2019-10-28 19:30:00,7660125.0
2019-10-29 16:11:00,8584038.0
2019-10-30 12:52:00,1385167.0
2019-10-31 09:33:00,2984506.0
2019-11-01 06:14:00,4463353.5
2019-11-02 02:55:00,1600705.0
2019-11-02 23:36:00,3166520.0
2019-11-03 20:17:00,980998.5
2019-11-04 16:58:00,7762152.0
2019-11-05 13:39:00,9481405.5
2019-11-06 10:20:00,3210846.5
2019-11-07 07:01:00,1184581.0
